voltage (V), photocurrent (A)
-10.000, -2.124187e-09
-10.000, -2.125005e-09
-10.000, -2.118052e-09
-10.000, -2.120065e-09
-10.000, -2.124329e-09
-10.000, -2.119838e-09
-10.000, -2.117865e-09
-10.000, -2.123237e-09
-10.000, -2.119161e-09
-10.000, -2.116631e-09
-9.990, -2.115797e-09
-9.990, -2.120354e-09
-9.990, -2.118021e-09
-9.990, -2.116548e-09
-9.990, -2.117507e-09
-9.990, -2.118236e-09
-9.990, -2.117255e-09
-9.990, -2.11723e-09
-9.990, -2.119842e-09
-9.990, -2.119943e-09
-9.980, -2.121075e-09
-9.980, -2.116652e-09
-9.980, -2.119207e-09
-9.980, -2.12161e-09
-9.980, -2.117449e-09
-9.980, -2.115913e-09
-9.980, -2.121811e-09
-9.980, -2.118601e-09
-9.980, -2.116735e-09
-9.980, -2.123097e-09
-9.970, -2.117103e-09
-9.970, -2.118644e-09
-9.970, -2.119853e-09
-9.970, -2.114906e-09
-9.970, -2.115174e-09
-9.970, -2.12139e-09
-9.970, -2.117699e-09
-9.970, -2.116114e-09
-9.970, -2.120006e-09
-9.970, -2.119871e-09
-9.960, -2.119621e-09
-9.960, -2.115558e-09
-9.960, -2.119803e-09
-9.960, -2.119047e-09
-9.960, -2.116673e-09
-9.960, -2.116503e-09
-9.960, -2.1188e-09
-9.960, -2.120286e-09
-9.960, -2.115823e-09
-9.960, -2.11968e-09
-9.950, -2.11621e-09
-9.950, -2.11772e-09
-9.950, -2.116469e-09
-9.950, -2.113029e-09
-9.950, -2.116946e-09
-9.950, -2.11853e-09
-9.950, -2.113412e-09
-9.950, -2.118218e-09
-9.950, -2.121558e-09
-9.950, -2.117761e-09
-9.940, -2.114356e-09
-9.940, -2.114028e-09
-9.940, -2.119241e-09
-9.940, -2.116607e-09
-9.940, -2.114216e-09
-9.940, -2.118564e-09
-9.940, -2.117772e-09
-9.940, -2.116923e-09
-9.940, -2.118565e-09
-9.940, -2.119932e-09
-9.930, -2.119771e-09
-9.930, -2.114914e-09
-9.930, -2.115701e-09
-9.930, -2.120665e-09
-9.930, -2.1199e-09
-9.930, -2.11532e-09
-9.930, -2.119787e-09
-9.930, -2.120123e-09
-9.930, -2.115863e-09
-9.930, -2.116812e-09
-9.920, -2.11863e-09
-9.920, -2.119931e-09
-9.920, -2.114676e-09
-9.920, -2.115269e-09
-9.920, -2.120459e-09
-9.920, -2.116071e-09
-9.920, -2.115711e-09
-9.920, -2.120359e-09
-9.920, -2.118825e-09
-9.920, -2.114148e-09
-9.910, -2.114348e-09
-9.910, -2.113889e-09
-9.910, -2.120052e-09
-9.910, -2.119884e-09
-9.910, -2.115377e-09
-9.910, -2.119801e-09
-9.910, -2.118923e-09
-9.910, -2.118315e-09
-9.910, -2.117863e-09
-9.910, -2.120091e-09
-9.900, -2.117259e-09
-9.900, -2.115445e-09
-9.900, -2.118964e-09
-9.900, -2.119684e-09
-9.900, -2.118837e-09
-9.900, -2.115211e-09
-9.900, -2.121203e-09
-9.900, -2.12265e-09
-9.900, -2.117687e-09
-9.900, -2.119961e-09
-9.890, -2.116436e-09
-9.890, -2.115032e-09
-9.890, -2.119664e-09
-9.890, -2.117566e-09
-9.890, -2.116971e-09
-9.890, -2.11563e-09
-9.890, -2.118488e-09
-9.890, -2.117203e-09
-9.890, -2.114031e-09
-9.890, -2.116193e-09
-9.880, -2.117578e-09
-9.880, -2.113971e-09
-9.880, -2.114678e-09
-9.880, -2.117409e-09
-9.880, -2.117147e-09
-9.880, -2.11459e-09
-9.880, -2.118901e-09
-9.880, -2.119872e-09
-9.880, -2.113103e-09
-9.880, -2.114815e-09
-9.870, -2.120615e-09
-9.870, -2.117965e-09
-9.870, -2.121216e-09
-9.870, -2.120974e-09
-9.870, -2.115147e-09
-9.870, -2.118069e-09
-9.870, -2.122345e-09
-9.870, -2.120428e-09
-9.870, -2.11719e-09
-9.870, -2.12098e-09
-9.860, -2.120098e-09
-9.860, -2.11352e-09
-9.860, -2.116021e-09
-9.860, -2.119482e-09
-9.860, -2.115896e-09
-9.860, -2.116103e-09
-9.860, -2.121378e-09
-9.860, -2.116834e-09
-9.860, -2.114728e-09
-9.860, -2.121112e-09
-9.850, -2.116367e-09
-9.850, -2.116376e-09
-9.850, -2.119532e-09
-9.850, -2.120903e-09
-9.850, -2.120111e-09
-9.850, -2.121356e-09
-9.850, -2.122095e-09
-9.850, -2.118723e-09
-9.850, -2.11591e-09
-9.850, -2.121202e-09
-9.840, -2.115036e-09
-9.840, -2.117812e-09
-9.840, -2.118653e-09
-9.840, -2.112668e-09
-9.840, -2.114908e-09
-9.840, -2.116108e-09
-9.840, -2.112912e-09
-9.840, -2.111217e-09
-9.840, -2.119091e-09
-9.840, -2.116153e-09
-9.830, -2.118375e-09
-9.830, -2.112664e-09
-9.830, -2.114758e-09
-9.830, -2.117583e-09
-9.830, -2.112698e-09
-9.830, -2.111088e-09
-9.830, -2.116828e-09
-9.830, -2.115459e-09
-9.830, -2.112557e-09
-9.830, -2.113007e-09
-9.820, -2.117597e-09
-9.820, -2.115672e-09
-9.820, -2.115262e-09
-9.820, -2.115776e-09
-9.820, -2.120224e-09
-9.820, -2.115631e-09
-9.820, -2.113279e-09
-9.820, -2.116288e-09
-9.820, -2.111955e-09
-9.820, -2.113286e-09
-9.810, -2.114377e-09
-9.810, -2.111807e-09
-9.810, -2.109041e-09
-9.810, -2.114024e-09
-9.810, -2.11201e-09
-9.810, -2.107931e-09
-9.810, -2.113382e-09
-9.810, -2.11356e-09
-9.810, -2.112885e-09
-9.810, -2.11108e-09
-9.800, -2.114624e-09
-9.800, -2.112303e-09
-9.800, -2.109709e-09
-9.800, -2.114062e-09
-9.800, -2.11251e-09
-9.800, -2.111591e-09
-9.800, -2.110242e-09
-9.800, -2.114755e-09
-9.800, -2.114519e-09
-9.800, -2.109712e-09
-9.790, -2.113659e-09
-9.790, -2.109204e-09
-9.790, -2.112923e-09
-9.790, -2.112593e-09
-9.790, -2.113648e-09
-9.790, -2.108762e-09
-9.790, -2.111152e-09
-9.790, -2.11498e-09
-9.790, -2.108216e-09
-9.790, -2.110805e-09
-9.780, -2.112564e-09
-9.780, -2.116301e-09
-9.780, -2.112841e-09
-9.780, -2.112907e-09
-9.780, -2.120082e-09
-9.780, -2.116016e-09
-9.780, -2.115207e-09
-9.780, -2.116563e-09
-9.780, -2.114766e-09
-9.780, -2.115112e-09
-9.770, -2.113631e-09
-9.770, -2.116146e-09
-9.770, -2.109604e-09
-9.770, -2.109336e-09
-9.770, -2.115629e-09
-9.770, -2.111058e-09
-9.770, -2.108888e-09
-9.770, -2.114912e-09
-9.770, -2.113869e-09
-9.770, -2.111171e-09
-9.760, -2.107081e-09
-9.760, -2.11334e-09
-9.760, -2.113331e-09
-9.760, -2.108458e-09
-9.760, -2.107878e-09
-9.760, -2.109011e-09
-9.760, -2.109842e-09
-9.760, -2.108934e-09
-9.760, -2.109716e-09
-9.760, -2.113803e-09
-9.750, -2.108272e-09
-9.750, -2.107638e-09
-9.750, -2.11347e-09
-9.750, -2.110578e-09
-9.750, -2.108834e-09
-9.750, -2.113392e-09
-9.750, -2.113223e-09
-9.750, -2.109101e-09
-9.750, -2.107545e-09
-9.750, -2.110792e-09
-9.740, -2.110766e-09
-9.740, -2.107387e-09
-9.740, -2.109622e-09
-9.740, -2.110852e-09
-9.740, -2.112092e-09
-9.740, -2.107183e-09
-9.740, -2.111257e-09
-9.740, -2.112509e-09
-9.740, -2.108272e-09
-9.740, -2.102863e-09
-9.730, -2.112326e-09
-9.730, -2.107513e-09
-9.730, -2.105538e-09
-9.730, -2.111497e-09
-9.730, -2.111076e-09
-9.730, -2.105593e-09
-9.730, -2.107597e-09
-9.730, -2.111945e-09
-9.730, -2.10875e-09
-9.730, -2.106166e-09
-9.720, -2.112488e-09
-9.720, -2.109442e-09
-9.720, -2.105882e-09
-9.720, -2.108831e-09
-9.720, -2.11241e-09
-9.720, -2.105277e-09
-9.720, -2.107503e-09
-9.720, -2.109396e-09
-9.720, -2.11043e-09
-9.720, -2.107244e-09
-9.710, -2.109404e-09
-9.710, -2.113604e-09
-9.710, -2.113511e-09
-9.710, -2.113048e-09
-9.710, -2.115779e-09
-9.710, -2.113809e-09
-9.710, -2.110646e-09
-9.710, -2.110078e-09
-9.710, -2.110395e-09
-9.710, -2.111522e-09
-9.700, -2.114619e-09
-9.700, -2.109776e-09
-9.700, -2.112463e-09
-9.700, -2.114712e-09
-9.700, -2.109846e-09
-9.700, -2.11283e-09
-9.700, -2.113741e-09
-9.700, -2.110028e-09
-9.700, -2.108084e-09
-9.700, -2.112343e-09
-9.690, -2.10779e-09
-9.690, -2.105355e-09
-9.690, -2.11188e-09
-9.690, -2.109033e-09
-9.690, -2.105778e-09
-9.690, -2.107873e-09
-9.690, -2.107901e-09
-9.690, -2.104426e-09
-9.690, -2.108231e-09
-9.690, -2.110573e-09
-9.680, -2.108986e-09
-9.680, -2.113982e-09
-9.680, -2.111038e-09
-9.680, -2.104261e-09
-9.680, -2.108726e-09
-9.680, -2.110542e-09
-9.680, -2.107616e-09
-9.680, -2.103973e-09
-9.680, -2.10982e-09
-9.680, -2.109507e-09
-9.670, -2.110026e-09
-9.670, -2.107478e-09
-9.670, -2.107163e-09
-9.670, -2.109855e-09
-9.670, -2.109992e-09
-9.670, -2.108404e-09
-9.670, -2.107505e-09
-9.670, -2.109831e-09
-9.670, -2.109366e-09
-9.670, -2.102667e-09
-9.660, -2.106781e-09
-9.660, -2.102942e-09
-9.660, -2.11172e-09
-9.660, -2.111511e-09
-9.660, -2.108169e-09
-9.660, -2.107351e-09
-9.660, -2.108197e-09
-9.660, -2.107632e-09
-9.660, -2.108379e-09
-9.660, -2.108521e-09
-9.650, -2.109163e-09
-9.650, -2.103918e-09
-9.650, -2.105024e-09
-9.650, -2.110009e-09
-9.650, -2.105482e-09
-9.650, -2.102357e-09
-9.650, -2.106833e-09
-9.650, -2.106993e-09
-9.650, -2.103647e-09
-9.650, -2.106483e-09
-9.640, -2.108945e-09
-9.640, -2.110794e-09
-9.640, -2.112748e-09
-9.640, -2.108835e-09
-9.640, -2.112411e-09
-9.640, -2.112922e-09
-9.640, -2.107561e-09
-9.640, -2.106284e-09
-9.640, -2.111541e-09
-9.640, -2.109262e-09
-9.630, -2.109982e-09
-9.630, -2.107635e-09
-9.630, -2.106902e-09
-9.630, -2.108103e-09
-9.630, -2.11148e-09
-9.630, -2.108034e-09
-9.630, -2.107952e-09
-9.630, -2.111544e-09
-9.630, -2.109021e-09
-9.630, -2.106421e-09
-9.620, -2.108295e-09
-9.620, -2.111109e-09
-9.620, -2.114256e-09
-9.620, -2.111926e-09
-9.620, -2.104154e-09
-9.620, -2.107927e-09
-9.620, -2.110853e-09
-9.620, -2.108624e-09
-9.620, -2.108573e-09
-9.620, -2.115281e-09
-9.610, -2.108436e-09
-9.610, -2.116305e-09
-9.610, -2.109144e-09
-9.610, -2.106228e-09
-9.610, -2.114574e-09
-9.610, -2.109399e-09
-9.610, -2.105754e-09
-9.610, -2.109396e-09
-9.610, -2.110396e-09
-9.610, -2.108247e-09
-9.600, -2.110522e-09
-9.600, -2.11006e-09
-9.600, -2.105881e-09
-9.600, -2.111406e-09
-9.600, -2.113769e-09
-9.600, -2.108303e-09
-9.600, -2.109815e-09
-9.600, -2.113792e-09
-9.600, -2.110743e-09
-9.600, -2.108226e-09
-9.590, -2.110652e-09
-9.590, -2.109279e-09
-9.590, -2.113539e-09
-9.590, -2.112036e-09
-9.590, -2.112212e-09
-9.590, -2.111453e-09
-9.590, -2.112556e-09
-9.590, -2.115597e-09
-9.590, -2.111775e-09
-9.590, -2.110591e-09
-9.580, -2.112288e-09
-9.580, -2.109917e-09
-9.580, -2.106688e-09
-9.580, -2.11157e-09
-9.580, -2.112924e-09
-9.580, -2.105576e-09
-9.580, -2.109498e-09
-9.580, -2.114065e-09
-9.580, -2.106058e-09
-9.580, -2.106793e-09
-9.570, -2.106193e-09
-9.570, -2.111449e-09
-9.570, -2.109992e-09
-9.570, -2.107492e-09
-9.570, -2.110324e-09
-9.570, -2.111004e-09
-9.570, -2.109164e-09
-9.570, -2.107403e-09
-9.570, -2.110925e-09
-9.570, -2.111927e-09
-9.560, -2.111525e-09
-9.560, -2.108785e-09
-9.560, -2.113606e-09
-9.560, -2.112242e-09
-9.560, -2.109689e-09
-9.560, -2.112645e-09
-9.560, -2.113298e-09
-9.560, -2.111914e-09
-9.560, -2.110988e-09
-9.560, -2.113036e-09
-9.550, -2.114295e-09
-9.550, -2.11267e-09
-9.550, -2.118992e-09
-9.550, -2.116016e-09
-9.550, -2.111907e-09
-9.550, -2.116048e-09
-9.550, -2.117807e-09
-9.550, -2.114402e-09
-9.550, -2.115045e-09
-9.550, -2.1164e-09
-9.540, -2.113121e-09
-9.540, -2.113543e-09
-9.540, -2.115777e-09
-9.540, -2.112561e-09
-9.540, -2.113316e-09
-9.540, -2.117247e-09
-9.540, -2.114923e-09
-9.540, -2.113416e-09
-9.540, -2.118106e-09
-9.540, -2.119229e-09
-9.530, -2.109299e-09
-9.530, -2.1094e-09
-9.530, -2.121494e-09
-9.530, -2.121976e-09
-9.530, -2.119903e-09
-9.530, -2.123618e-09
-9.530, -2.120741e-09
-9.530, -2.115949e-09
-9.530, -2.114593e-09
-9.530, -2.115891e-09
-9.520, -2.11333e-09
-9.520, -2.114706e-09
-9.520, -2.11893e-09
-9.520, -2.110627e-09
-9.520, -2.11562e-09
-9.520, -2.124311e-09
-9.520, -2.116582e-09
-9.520, -2.118908e-09
-9.520, -2.125308e-09
-9.520, -2.123658e-09
-9.510, -2.122622e-09
-9.510, -2.117698e-09
-9.510, -2.116061e-09
-9.510, -2.120986e-09
-9.510, -2.119576e-09
-9.510, -2.116077e-09
-9.510, -2.119632e-09
-9.510, -2.120313e-09
-9.510, -2.118027e-09
-9.510, -2.116239e-09
-9.500, -2.119267e-09
-9.500, -2.121006e-09
-9.500, -2.11426e-09
-9.500, -2.112851e-09
-9.500, -2.117741e-09
-9.500, -2.116122e-09
-9.500, -2.113927e-09
-9.500, -2.117268e-09
-9.500, -2.116242e-09
-9.500, -2.11682e-09
-9.490, -2.121639e-09
-9.490, -2.115319e-09
-9.490, -2.117338e-09
-9.490, -2.121838e-09
-9.490, -2.117896e-09
-9.490, -2.115771e-09
-9.490, -2.121507e-09
-9.490, -2.118378e-09
-9.490, -2.114561e-09
-9.490, -2.120691e-09
-9.480, -2.120183e-09
-9.480, -2.113954e-09
-9.480, -2.114317e-09
-9.480, -2.118972e-09
-9.480, -2.117658e-09
-9.480, -2.116741e-09
-9.480, -2.118766e-09
-9.480, -2.118989e-09
-9.480, -2.118627e-09
-9.480, -2.119948e-09
-9.470, -2.118091e-09
-9.470, -2.114768e-09
-9.470, -2.119332e-09
-9.470, -2.119824e-09
-9.470, -2.118173e-09
-9.470, -2.113834e-09
-9.470, -2.115482e-09
-9.470, -2.117922e-09
-9.470, -2.115533e-09
-9.470, -2.117644e-09
-9.460, -2.118704e-09
-9.460, -2.114744e-09
-9.460, -2.119348e-09
-9.460, -2.120832e-09
-9.460, -2.113265e-09
-9.460, -2.116506e-09
-9.460, -2.121938e-09
-9.460, -2.113831e-09
-9.460, -2.114057e-09
-9.460, -2.119852e-09
-9.450, -2.118074e-09
-9.450, -2.114385e-09
-9.450, -2.110986e-09
-9.450, -2.115055e-09
-9.450, -2.116075e-09
-9.450, -2.113465e-09
-9.450, -2.11334e-09
-9.450, -2.115053e-09
-9.450, -2.116833e-09
-9.450, -2.112008e-09
-9.440, -2.115682e-09
-9.440, -2.117631e-09
-9.440, -2.116389e-09
-9.440, -2.114534e-09
-9.440, -2.118969e-09
-9.440, -2.118936e-09
-9.440, -2.116167e-09
-9.440, -2.114428e-09
-9.440, -2.118174e-09
-9.440, -2.120449e-09
-9.430, -2.117006e-09
-9.430, -2.115126e-09
-9.430, -2.118874e-09
-9.430, -2.114692e-09
-9.430, -2.11017e-09
-9.430, -2.112305e-09
-9.430, -2.114092e-09
-9.430, -2.111626e-09
-9.430, -2.114003e-09
-9.430, -2.114534e-09
-9.420, -2.112717e-09
-9.420, -2.111118e-09
-9.420, -2.117945e-09
-9.420, -2.117139e-09
-9.420, -2.111159e-09
-9.420, -2.112968e-09
-9.420, -2.118806e-09
-9.420, -2.111815e-09
-9.420, -2.111285e-09
-9.420, -2.11676e-09
-9.410, -2.113947e-09
-9.410, -2.116494e-09
-9.410, -2.116913e-09
-9.410, -2.115405e-09
-9.410, -2.114266e-09
-9.410, -2.115178e-09
-9.410, -2.116743e-09
-9.410, -2.112562e-09
-9.410, -2.113123e-09
-9.410, -2.117875e-09
-9.400, -2.112674e-09
-9.400, -2.114274e-09
-9.400, -2.111538e-09
-9.400, -2.110515e-09
-9.400, -2.115424e-09
-9.400, -2.112843e-09
-9.400, -2.110909e-09
-9.400, -2.114588e-09
-9.400, -2.112005e-09
-9.400, -2.108583e-09
-9.390, -2.111617e-09
-9.390, -2.108359e-09
-9.390, -2.114622e-09
-9.390, -2.115941e-09
-9.390, -2.110971e-09
-9.390, -2.107948e-09
-9.390, -2.108863e-09
-9.390, -2.108248e-09
-9.390, -2.106215e-09
-9.390, -2.108378e-09
-9.380, -2.111707e-09
-9.380, -2.112019e-09
-9.380, -2.10993e-09
-9.380, -2.109757e-09
-9.380, -2.116495e-09
-9.380, -2.113371e-09
-9.380, -2.109659e-09
-9.380, -2.115676e-09
-9.380, -2.115657e-09
-9.380, -2.110144e-09
-9.370, -2.104847e-09
-9.370, -2.109152e-09
-9.370, -2.112824e-09
-9.370, -2.105231e-09
-9.370, -2.10525e-09
-9.370, -2.110392e-09
-9.370, -2.107471e-09
-9.370, -2.108583e-09
-9.370, -2.110667e-09
-9.370, -2.109362e-09
-9.360, -2.107541e-09
-9.360, -2.106324e-09
-9.360, -2.109919e-09
-9.360, -2.106508e-09
-9.360, -2.102785e-09
-9.360, -2.106341e-09
-9.360, -2.106843e-09
-9.360, -2.105e-09
-9.360, -2.105731e-09
-9.360, -2.109408e-09
-9.350, -2.107312e-09
-9.350, -2.10846e-09
-9.350, -2.11299e-09
-9.350, -2.106461e-09
-9.350, -2.10649e-09
-9.350, -2.11117e-09
-9.350, -2.112095e-09
-9.350, -2.107516e-09
-9.350, -2.108913e-09
-9.350, -2.109519e-09
-9.340, -2.107614e-09
-9.340, -2.106509e-09
-9.340, -2.111034e-09
-9.340, -2.108587e-09
-9.340, -2.106114e-09
-9.340, -2.105587e-09
-9.340, -2.106379e-09
-9.340, -2.106469e-09
-9.340, -2.097426e-09
-9.340, -2.098739e-09
-9.330, -2.104493e-09
-9.330, -2.104531e-09
-9.330, -2.109045e-09
-9.330, -2.10571e-09
-9.330, -2.107705e-09
-9.330, -2.107354e-09
-9.330, -2.10777e-09
-9.330, -2.108726e-09
-9.330, -2.106875e-09
-9.330, -2.106477e-09
-9.320, -2.100978e-09
-9.320, -2.103452e-09
-9.320, -2.105411e-09
-9.320, -2.102549e-09
-9.320, -2.102823e-09
-9.320, -2.108379e-09
-9.320, -2.107367e-09
-9.320, -2.104249e-09
-9.320, -2.10937e-09
-9.320, -2.107895e-09
-9.310, -2.095098e-09
-9.310, -2.103054e-09
-9.310, -2.106932e-09
-9.310, -2.107685e-09
-9.310, -2.106731e-09
-9.310, -2.110694e-09
-9.310, -2.106785e-09
-9.310, -2.106779e-09
-9.310, -2.106377e-09
-9.310, -2.10669e-09
-9.300, -2.109346e-09
-9.300, -2.109189e-09
-9.300, -2.104893e-09
-9.300, -2.106548e-09
-9.300, -2.10905e-09
-9.300, -2.108506e-09
-9.300, -2.110116e-09
-9.300, -2.111612e-09
-9.300, -2.112218e-09
-9.300, -2.106519e-09
-9.290, -2.113287e-09
-9.290, -2.107012e-09
-9.290, -2.103697e-09
-9.290, -2.106675e-09
-9.290, -2.104701e-09
-9.290, -2.101184e-09
-9.290, -2.102689e-09
-9.290, -2.106459e-09
-9.290, -2.107275e-09
-9.290, -2.102468e-09
-9.280, -2.106287e-09
-9.280, -2.106929e-09
-9.280, -2.102203e-09
-9.280, -2.103627e-09
-9.280, -2.10334e-09
-9.280, -2.099994e-09
-9.280, -2.101124e-09
-9.280, -2.104547e-09
-9.280, -2.105522e-09
-9.280, -2.103728e-09
-9.270, -2.104161e-09
-9.270, -2.102732e-09
-9.270, -2.103594e-09
-9.270, -2.103759e-09
-9.270, -2.104584e-09
-9.270, -2.105013e-09
-9.270, -2.102437e-09
-9.270, -2.101237e-09
-9.270, -2.105282e-09
-9.270, -2.101757e-09
-9.260, -2.105186e-09
-9.260, -2.102008e-09
-9.260, -2.104252e-09
-9.260, -2.104406e-09
-9.260, -2.104465e-09
-9.260, -2.101898e-09
-9.260, -2.106218e-09
-9.260, -2.10587e-09
-9.260, -2.101454e-09
-9.260, -2.103276e-09
-9.250, -2.099869e-09
-9.250, -2.097361e-09
-9.250, -2.100715e-09
-9.250, -2.100526e-09
-9.250, -2.097831e-09
-9.250, -2.100732e-09
-9.250, -2.103316e-09
-9.250, -2.104025e-09
-9.250, -2.103122e-09
-9.250, -2.102967e-09
-9.240, -2.09713e-09
-9.240, -2.101197e-09
-9.240, -2.099473e-09
-9.240, -2.095265e-09
-9.240, -2.1007e-09
-9.240, -2.102275e-09
-9.240, -2.095977e-09
-9.240, -2.098197e-09
-9.240, -2.10167e-09
-9.240, -2.097947e-09
-9.230, -2.09245e-09
-9.230, -2.092645e-09
-9.230, -2.097749e-09
-9.230, -2.094308e-09
-9.230, -2.092559e-09
-9.230, -2.09625e-09
-9.230, -2.095463e-09
-9.230, -2.094547e-09
-9.230, -2.093659e-09
-9.230, -2.093103e-09
-9.220, -2.094226e-09
-9.220, -2.097878e-09
-9.220, -2.099522e-09
-9.220, -2.095482e-09
-9.220, -2.097079e-09
-9.220, -2.100165e-09
-9.220, -2.097431e-09
-9.220, -2.096739e-09
-9.220, -2.099754e-09
-9.220, -2.099822e-09
-9.210, -2.103137e-09
-9.210, -2.099134e-09
-9.210, -2.10192e-09
-9.210, -2.10327e-09
-9.210, -2.099142e-09
-9.210, -2.100778e-09
-9.210, -2.104755e-09
-9.210, -2.098954e-09
-9.210, -2.099242e-09
-9.210, -2.104907e-09
-9.200, -2.102839e-09
-9.200, -2.097915e-09
-9.200, -2.100335e-09
-9.200, -2.101803e-09
-9.200, -2.099633e-09
-9.200, -2.09867e-09
-9.200, -2.099306e-09
-9.200, -2.10069e-09
-9.200, -2.098655e-09
-9.200, -2.096545e-09
-9.190, -2.104315e-09
-9.190, -2.102354e-09
-9.190, -2.097388e-09
-9.190, -2.101384e-09
-9.190, -2.104498e-09
-9.190, -2.102197e-09
-9.190, -2.101507e-09
-9.190, -2.105414e-09
-9.190, -2.105114e-09
-9.190, -2.100681e-09
-9.180, -2.104406e-09
-9.180, -2.10736e-09
-9.180, -2.105229e-09
-9.180, -2.103285e-09
-9.180, -2.10387e-09
-9.180, -2.104381e-09
-9.180, -2.106674e-09
-9.180, -2.10449e-09
-9.180, -2.107447e-09
-9.180, -2.108902e-09
-9.170, -2.105173e-09
-9.170, -2.102408e-09
-9.170, -2.100757e-09
-9.170, -2.104891e-09
-9.170, -2.106376e-09
-9.170, -2.101665e-09
-9.170, -2.103153e-09
-9.170, -2.106319e-09
-9.170, -2.103496e-09
-9.170, -2.102331e-09
-9.160, -2.104035e-09
-9.160, -2.101982e-09
-9.160, -2.105588e-09
-9.160, -2.106002e-09
-9.160, -2.102642e-09
-9.160, -2.103069e-09
-9.160, -2.104246e-09
-9.160, -2.104503e-09
-9.160, -2.10055e-09
-9.160, -2.102627e-09
-9.150, -2.101333e-09
-9.150, -2.105026e-09
-9.150, -2.104331e-09
-9.150, -2.100371e-09
-9.150, -2.101364e-09
-9.150, -2.105225e-09
-9.150, -2.105568e-09
-9.150, -2.101935e-09
-9.150, -2.107511e-09
-9.150, -2.10845e-09
-9.140, -2.10661e-09
-9.140, -2.109538e-09
-9.140, -2.108873e-09
-9.140, -2.10639e-09
-9.140, -2.105574e-09
-9.140, -2.109173e-09
-9.140, -2.106598e-09
-9.140, -2.104637e-09
-9.140, -2.109892e-09
-9.140, -2.108277e-09
-9.130, -2.104444e-09
-9.130, -2.101168e-09
-9.130, -2.102776e-09
-9.130, -2.105518e-09
-9.130, -2.104722e-09
-9.130, -2.101771e-09
-9.130, -2.104911e-09
-9.130, -2.106424e-09
-9.130, -2.100579e-09
-9.130, -2.101415e-09
-9.120, -2.100294e-09
-9.120, -2.103292e-09
-9.120, -2.103442e-09
-9.120, -2.09949e-09
-9.120, -2.102367e-09
-9.120, -2.107548e-09
-9.120, -2.104253e-09
-9.120, -2.101633e-09
-9.120, -2.104743e-09
-9.120, -2.103074e-09
-9.110, -2.106313e-09
-9.110, -2.100928e-09
-9.110, -2.103683e-09
-9.110, -2.105623e-09
-9.110, -2.101701e-09
-9.110, -2.102092e-09
-9.110, -2.105191e-09
-9.110, -2.106478e-09
-9.110, -2.103145e-09
-9.110, -2.105743e-09
-9.100, -2.106973e-09
-9.100, -2.110359e-09
-9.100, -2.109265e-09
-9.100, -2.10781e-09
-9.100, -2.110397e-09
-9.100, -2.110846e-09
-9.100, -2.108712e-09
-9.100, -2.109642e-09
-9.100, -2.111431e-09
-9.100, -2.112135e-09
-9.090, -2.112072e-09
-9.090, -2.110218e-09
-9.090, -2.107331e-09
-9.090, -2.11099e-09
-9.090, -2.111808e-09
-9.090, -2.10704e-09
-9.090, -2.107984e-09
-9.090, -2.108937e-09
-9.090, -2.109362e-09
-9.090, -2.108411e-09
-9.080, -2.106485e-09
-9.080, -2.103324e-09
-9.080, -2.103697e-09
-9.080, -2.106907e-09
-9.080, -2.101015e-09
-9.080, -2.100871e-09
-9.080, -2.105568e-09
-9.080, -2.10269e-09
-9.080, -2.102291e-09
-9.080, -2.104685e-09
-9.070, -2.11e-09
-9.070, -2.10698e-09
-9.070, -2.109604e-09
-9.070, -2.110701e-09
-9.070, -2.107722e-09
-9.070, -2.107249e-09
-9.070, -2.110087e-09
-9.070, -2.108652e-09
-9.070, -2.106557e-09
-9.070, -2.108791e-09
-9.060, -2.109151e-09
-9.060, -2.10511e-09
-9.060, -2.108067e-09
-9.060, -2.111899e-09
-9.060, -2.107502e-09
-9.060, -2.109346e-09
-9.060, -2.113386e-09
-9.060, -2.110556e-09
-9.060, -2.108138e-09
-9.060, -2.110485e-09
-9.050, -2.105887e-09
-9.050, -2.108393e-09
-9.050, -2.108208e-09
-9.050, -2.106284e-09
-9.050, -2.105344e-09
-9.050, -2.111437e-09
-9.050, -2.107042e-09
-9.050, -2.106956e-09
-9.050, -2.108113e-09
-9.050, -2.109064e-09
-9.040, -2.104433e-09
-9.040, -2.107193e-09
-9.040, -2.106451e-09
-9.040, -2.103196e-09
-9.040, -2.104267e-09
-9.040, -2.107436e-09
-9.040, -2.104133e-09
-9.040, -2.107508e-09
-9.040, -2.106759e-09
-9.040, -2.106967e-09
-9.030, -2.108267e-09
-9.030, -2.109687e-09
-9.030, -2.107827e-09
-9.030, -2.108844e-09
-9.030, -2.112981e-09
-9.030, -2.109118e-09
-9.030, -2.10776e-09
-9.030, -2.111438e-09
-9.030, -2.109238e-09
-9.030, -2.107416e-09
-9.020, -2.104356e-09
-9.020, -2.107897e-09
-9.020, -2.108447e-09
-9.020, -2.10294e-09
-9.020, -2.106852e-09
-9.020, -2.109437e-09
-9.020, -2.106357e-09
-9.020, -2.105362e-09
-9.020, -2.107968e-09
-9.020, -2.107279e-09
-9.010, -2.110306e-09
-9.010, -2.11032e-09
-9.010, -2.108927e-09
-9.010, -2.10754e-09
-9.010, -2.109528e-09
-9.010, -2.109616e-09
-9.010, -2.107623e-09
-9.010, -2.110277e-09
-9.010, -2.111441e-09
-9.010, -2.108182e-09
-9.000, -2.112264e-09
-9.000, -2.111403e-09
-9.000, -2.108412e-09
-9.000, -2.111453e-09
-9.000, -2.111431e-09
-9.000, -2.106895e-09
-9.000, -2.107057e-09
-9.000, -2.10834e-09
-9.000, -2.109044e-09
-9.000, -2.107673e-09
-8.990, -2.110325e-09
-8.990, -2.111284e-09
-8.990, -2.109158e-09
-8.990, -2.111333e-09
-8.990, -2.113191e-09
-8.990, -2.112863e-09
-8.990, -2.10907e-09
-8.990, -2.111594e-09
-8.990, -2.111901e-09
-8.990, -2.106858e-09
-8.980, -2.112191e-09
-8.980, -2.110276e-09
-8.980, -2.109434e-09
-8.980, -2.110273e-09
-8.980, -2.109498e-09
-8.980, -2.113548e-09
-8.980, -2.1118e-09
-8.980, -2.110265e-09
-8.980, -2.114648e-09
-8.980, -2.106593e-09
-8.970, -2.103882e-09
-8.970, -2.109472e-09
-8.970, -2.1081e-09
-8.970, -2.103259e-09
-8.970, -2.105481e-09
-8.970, -2.104e-09
-8.970, -2.104132e-09
-8.970, -2.108234e-09
-8.970, -2.108052e-09
-8.970, -2.109768e-09
-8.960, -2.104263e-09
-8.960, -2.104217e-09
-8.960, -2.105841e-09
-8.960, -2.101264e-09
-8.960, -2.107192e-09
-8.960, -2.110553e-09
-8.960, -2.102885e-09
-8.960, -2.102008e-09
-8.960, -2.105838e-09
-8.960, -2.10307e-09
-8.950, -2.104953e-09
-8.950, -2.105988e-09
-8.950, -2.102393e-09
-8.950, -2.102593e-09
-8.950, -2.107911e-09
-8.950, -2.103822e-09
-8.950, -2.100484e-09
-8.950, -2.105397e-09
-8.950, -2.105162e-09
-8.950, -2.100511e-09
-8.940, -2.103542e-09
-8.940, -2.10139e-09
-8.940, -2.097973e-09
-8.940, -2.10052e-09
-8.940, -2.102056e-09
-8.940, -2.099785e-09
-8.940, -2.0969e-09
-8.940, -2.100726e-09
-8.940, -2.101082e-09
-8.940, -2.095873e-09
-8.930, -2.100863e-09
-8.930, -2.099356e-09
-8.930, -2.103774e-09
-8.930, -2.103497e-09
-8.930, -2.100282e-09
-8.930, -2.101828e-09
-8.930, -2.104194e-09
-8.930, -2.102565e-09
-8.930, -2.099348e-09
-8.930, -2.103155e-09
-8.920, -2.105269e-09
-8.920, -2.105347e-09
-8.920, -2.102549e-09
-8.920, -2.106188e-09
-8.920, -2.108387e-09
-8.920, -2.103793e-09
-8.920, -2.102376e-09
-8.920, -2.106228e-09
-8.920, -2.103864e-09
-8.920, -2.100879e-09
-8.910, -2.101625e-09
-8.910, -2.101023e-09
-8.910, -2.104944e-09
-8.910, -2.102308e-09
-8.910, -2.098158e-09
-8.910, -2.105208e-09
-8.910, -2.103781e-09
-8.910, -2.098397e-09
-8.910, -2.102901e-09
-8.910, -2.104418e-09
-8.900, -2.10406e-09
-8.900, -2.104936e-09
-8.900, -2.101883e-09
-8.900, -2.102138e-09
-8.900, -2.105156e-09
-8.900, -2.10349e-09
-8.900, -2.100164e-09
-8.900, -2.105374e-09
-8.900, -2.107283e-09
-8.900, -2.102142e-09
-8.890, -2.10571e-09
-8.890, -2.103603e-09
-8.890, -2.101627e-09
-8.890, -2.104832e-09
-8.890, -2.1068e-09
-8.890, -2.101908e-09
-8.890, -2.104835e-09
-8.890, -2.108198e-09
-8.890, -2.104925e-09
-8.890, -2.105788e-09
-8.880, -2.103566e-09
-8.880, -2.105722e-09
-8.880, -2.109491e-09
-8.880, -2.104374e-09
-8.880, -2.105997e-09
-8.880, -2.111479e-09
-8.880, -2.105508e-09
-8.880, -2.105924e-09
-8.880, -2.107559e-09
-8.880, -2.106206e-09
-8.870, -2.107813e-09
-8.870, -2.112783e-09
-8.870, -2.10792e-09
-8.870, -2.106245e-09
-8.870, -2.111095e-09
-8.870, -2.109271e-09
-8.870, -2.108671e-09
-8.870, -2.109241e-09
-8.870, -2.107918e-09
-8.870, -2.10858e-09
-8.860, -2.110577e-09
-8.860, -2.108843e-09
-8.860, -2.108227e-09
-8.860, -2.111614e-09
-8.860, -2.109948e-09
-8.860, -2.105162e-09
-8.860, -2.107514e-09
-8.860, -2.111456e-09
-8.860, -2.106282e-09
-8.860, -2.107296e-09
-8.850, -2.106236e-09
-8.850, -2.10378e-09
-8.850, -2.11043e-09
-8.850, -2.111112e-09
-8.850, -2.107983e-09
-8.850, -2.108138e-09
-8.850, -2.109779e-09
-8.850, -2.108516e-09
-8.850, -2.105325e-09
-8.850, -2.107616e-09
-8.840, -2.109749e-09
-8.840, -2.110747e-09
-8.840, -2.106707e-09
-8.840, -2.107915e-09
-8.840, -2.112034e-09
-8.840, -2.109889e-09
-8.840, -2.107336e-09
-8.840, -2.110687e-09
-8.840, -2.110239e-09
-8.840, -2.105893e-09
-8.830, -2.101287e-09
-8.830, -2.104824e-09
-8.830, -2.107176e-09
-8.830, -2.099411e-09
-8.830, -2.102317e-09
-8.830, -2.106725e-09
-8.830, -2.101476e-09
-8.830, -2.102714e-09
-8.830, -2.107332e-09
-8.830, -2.103746e-09
-8.820, -2.102653e-09
-8.820, -2.10496e-09
-8.820, -2.103752e-09
-8.820, -2.100479e-09
-8.820, -2.103452e-09
-8.820, -2.105136e-09
-8.820, -2.100374e-09
-8.820, -2.102588e-09
-8.820, -2.10592e-09
-8.820, -2.104689e-09
-8.810, -2.10679e-09
-8.810, -2.106233e-09
-8.810, -2.103356e-09
-8.810, -2.104913e-09
-8.810, -2.106783e-09
-8.810, -2.104742e-09
-8.810, -2.103595e-09
-8.810, -2.105026e-09
-8.810, -2.104627e-09
-8.810, -2.101805e-09
-8.800, -2.106873e-09
-8.800, -2.105693e-09
-8.800, -2.108471e-09
-8.800, -2.107442e-09
-8.800, -2.104949e-09
-8.800, -2.107612e-09
-8.800, -2.109215e-09
-8.800, -2.107629e-09
-8.800, -2.106585e-09
-8.800, -2.10695e-09
-8.790, -2.107632e-09
-8.790, -2.107705e-09
-8.790, -2.108816e-09
-8.790, -2.108864e-09
-8.790, -2.104718e-09
-8.790, -2.106105e-09
-8.790, -2.108763e-09
-8.790, -2.104847e-09
-8.790, -2.105225e-09
-8.790, -2.108569e-09
-8.780, -2.10247e-09
-8.780, -2.104648e-09
-8.780, -2.109701e-09
-8.780, -2.10635e-09
-8.780, -2.105915e-09
-8.780, -2.110213e-09
-8.780, -2.106579e-09
-8.780, -2.106055e-09
-8.780, -2.107064e-09
-8.780, -2.106416e-09
-8.770, -2.096511e-09
-8.770, -2.093812e-09
-8.770, -2.092695e-09
-8.770, -2.095892e-09
-8.770, -2.096268e-09
-8.770, -2.09584e-09
-8.770, -2.099973e-09
-8.770, -2.101405e-09
-8.770, -2.094896e-09
-8.770, -2.097087e-09
-8.760, -2.101293e-09
-8.760, -2.100462e-09
-8.760, -2.102572e-09
-8.760, -2.104195e-09
-8.760, -2.100868e-09
-8.760, -2.104968e-09
-8.760, -2.106958e-09
-8.760, -2.102522e-09
-8.760, -2.104055e-09
-8.760, -2.106974e-09
-8.750, -2.103652e-09
-8.750, -2.100125e-09
-8.750, -2.10018e-09
-8.750, -2.102803e-09
-8.750, -2.101846e-09
-8.750, -2.098647e-09
-8.750, -2.098982e-09
-8.750, -2.101563e-09
-8.750, -2.099434e-09
-8.750, -2.097421e-09
-8.740, -2.096744e-09
-8.740, -2.09609e-09
-8.740, -2.099158e-09
-8.740, -2.097138e-09
-8.740, -2.095742e-09
-8.740, -2.097114e-09
-8.740, -2.096423e-09
-8.740, -2.094879e-09
-8.740, -2.09403e-09
-8.740, -2.096984e-09
-8.730, -2.099112e-09
-8.730, -2.097232e-09
-8.730, -2.09675e-09
-8.730, -2.096702e-09
-8.730, -2.095314e-09
-8.730, -2.09697e-09
-8.730, -2.09609e-09
-8.730, -2.095468e-09
-8.730, -2.099244e-09
-8.730, -2.097184e-09
-8.720, -2.087555e-09
-8.720, -2.092803e-09
-8.720, -2.095388e-09
-8.720, -2.092669e-09
-8.720, -2.09443e-09
-8.720, -2.095635e-09
-8.720, -2.09365e-09
-8.720, -2.092792e-09
-8.720, -2.095353e-09
-8.720, -2.096063e-09
-8.710, -2.098773e-09
-8.710, -2.097597e-09
-8.710, -2.095037e-09
-8.710, -2.098064e-09
-8.710, -2.09827e-09
-8.710, -2.09457e-09
-8.710, -2.097621e-09
-8.710, -2.098398e-09
-8.710, -2.095579e-09
-8.710, -2.095027e-09
-8.700, -2.09849e-09
-8.700, -2.092448e-09
-8.700, -2.09515e-09
-8.700, -2.099546e-09
-8.700, -2.09537e-09
-8.700, -2.095135e-09
-8.700, -2.099205e-09
-8.700, -2.096209e-09
-8.700, -2.096112e-09
-8.700, -2.095977e-09
-8.690, -2.093208e-09
-8.690, -2.090685e-09
-8.690, -2.094354e-09
-8.690, -2.096573e-09
-8.690, -2.094072e-09
-8.690, -2.094523e-09
-8.690, -2.097774e-09
-8.690, -2.096249e-09
-8.690, -2.094778e-09
-8.690, -2.095905e-09
-8.680, -2.095922e-09
-8.680, -2.09909e-09
-8.680, -2.094092e-09
-8.680, -2.095411e-09
-8.680, -2.09964e-09
-8.680, -2.094711e-09
-8.680, -2.096257e-09
-8.680, -2.10006e-09
-8.680, -2.097982e-09
-8.680, -2.098872e-09
-8.670, -2.092398e-09
-8.670, -2.0946e-09
-8.670, -2.093735e-09
-8.670, -2.092033e-09
-8.670, -2.093827e-09
-8.670, -2.094648e-09
-8.670, -2.093794e-09
-8.670, -2.092076e-09
-8.670, -2.095886e-09
-8.670, -2.097354e-09
-8.660, -2.103051e-09
-8.660, -2.103912e-09
-8.660, -2.101382e-09
-8.660, -2.101828e-09
-8.660, -2.106173e-09
-8.660, -2.102997e-09
-8.660, -2.101666e-09
-8.660, -2.104667e-09
-8.660, -2.104018e-09
-8.660, -2.101238e-09
-8.650, -2.107619e-09
-8.650, -2.107516e-09
-8.650, -2.105242e-09
-8.650, -2.102738e-09
-8.650, -2.106894e-09
-8.650, -2.104821e-09
-8.650, -2.102035e-09
-8.650, -2.104123e-09
-8.650, -2.105006e-09
-8.650, -2.10301e-09
-8.640, -2.099008e-09
-8.640, -2.099907e-09
-8.640, -2.105372e-09
-8.640, -2.101534e-09
-8.640, -2.101397e-09
-8.640, -2.104744e-09
-8.640, -2.102374e-09
-8.640, -2.10222e-09
-8.640, -2.103058e-09
-8.640, -2.101792e-09
-8.630, -2.09672e-09
-8.630, -2.097154e-09
-8.630, -2.098663e-09
-8.630, -2.096552e-09
-8.630, -2.095464e-09
-8.630, -2.096803e-09
-8.630, -2.098363e-09
-8.630, -2.096985e-09
-8.630, -2.094465e-09
-8.630, -2.097368e-09
-8.620, -2.096165e-09
-8.620, -2.092598e-09
-8.620, -2.098195e-09
-8.620, -2.093578e-09
-8.620, -2.090947e-09
-8.620, -2.092736e-09
-8.620, -2.09469e-09
-8.620, -2.09505e-09
-8.620, -2.092848e-09
-8.620, -2.095161e-09
-8.610, -2.095682e-09
-8.610, -2.094747e-09
-8.610, -2.096099e-09
-8.610, -2.097776e-09
-8.610, -2.095556e-09
-8.610, -2.095579e-09
-8.610, -2.097445e-09
-8.610, -2.101841e-09
-8.610, -2.097811e-09
-8.610, -2.098937e-09
-8.600, -2.100134e-09
-8.600, -2.098905e-09
-8.600, -2.095309e-09
-8.600, -2.097944e-09
-8.600, -2.099386e-09
-8.600, -2.096065e-09
-8.600, -2.096505e-09
-8.600, -2.100243e-09
-8.600, -2.097807e-09
-8.600, -2.097157e-09
-8.590, -2.096411e-09
-8.590, -2.09558e-09
-8.590, -2.100471e-09
-8.590, -2.097556e-09
-8.590, -2.0975e-09
-8.590, -2.09857e-09
-8.590, -2.096947e-09
-8.590, -2.098744e-09
-8.590, -2.093302e-09
-8.590, -2.097843e-09
-8.580, -2.101312e-09
-8.580, -2.101621e-09
-8.580, -2.097193e-09
-8.580, -2.099362e-09
-8.580, -2.100067e-09
-8.580, -2.096607e-09
-8.580, -2.095391e-09
-8.580, -2.097496e-09
-8.580, -2.097062e-09
-8.580, -2.096294e-09
-8.570, -2.100557e-09
-8.570, -2.101638e-09
-8.570, -2.097797e-09
-8.570, -2.100593e-09
-8.570, -2.101717e-09
-8.570, -2.100603e-09
-8.570, -2.099074e-09
-8.570, -2.100861e-09
-8.570, -2.101738e-09
-8.570, -2.097995e-09
-8.560, -2.093213e-09
-8.560, -2.09605e-09
-8.560, -2.097923e-09
-8.560, -2.096743e-09
-8.560, -2.095703e-09
-8.560, -2.099184e-09
-8.560, -2.097799e-09
-8.560, -2.095619e-09
-8.560, -2.097861e-09
-8.560, -2.100205e-09
-8.550, -2.101876e-09
-8.550, -2.097717e-09
-8.550, -2.101946e-09
-8.550, -2.103066e-09
-8.550, -2.098438e-09
-8.550, -2.100658e-09
-8.550, -2.100459e-09
-8.550, -2.103712e-09
-8.550, -2.102207e-09
-8.550, -2.100683e-09
-8.540, -2.100677e-09
-8.540, -2.096933e-09
-8.540, -2.100291e-09
-8.540, -2.096753e-09
-8.540, -2.097946e-09
-8.540, -2.101785e-09
-8.540, -2.098357e-09
-8.540, -2.098869e-09
-8.540, -2.099333e-09
-8.540, -2.099121e-09
-8.530, -2.100559e-09
-8.530, -2.100443e-09
-8.530, -2.096926e-09
-8.530, -2.098612e-09
-8.530, -2.101054e-09
-8.530, -2.099085e-09
-8.530, -2.098028e-09
-8.530, -2.102449e-09
-8.530, -2.102024e-09
-8.530, -2.099292e-09
-8.520, -2.097206e-09
-8.520, -2.098195e-09
-8.520, -2.101735e-09
-8.520, -2.09932e-09
-8.520, -2.096857e-09
-8.520, -2.098683e-09
-8.520, -2.098868e-09
-8.520, -2.097353e-09
-8.520, -2.098632e-09
-8.520, -2.103115e-09
-8.510, -2.102155e-09
-8.510, -2.101e-09
-8.510, -2.098956e-09
-8.510, -2.099506e-09
-8.510, -2.102386e-09
-8.510, -2.100449e-09
-8.510, -2.096645e-09
-8.510, -2.100255e-09
-8.510, -2.096348e-09
-8.510, -2.097318e-09
-8.500, -2.096142e-09
-8.500, -2.099052e-09
-8.500, -2.099452e-09
-8.500, -2.096307e-09
-8.500, -2.098372e-09
-8.500, -2.099638e-09
-8.500, -2.098063e-09
-8.500, -2.097216e-09
-8.500, -2.099005e-09
-8.500, -2.099658e-09
-8.490, -2.09985e-09
-8.490, -2.097533e-09
-8.490, -2.098691e-09
-8.490, -2.10073e-09
-8.490, -2.099217e-09
-8.490, -2.10158e-09
-8.490, -2.099734e-09
-8.490, -2.097608e-09
-8.490, -2.100852e-09
-8.490, -2.099058e-09
-8.480, -2.100019e-09
-8.480, -2.097054e-09
-8.480, -2.101844e-09
-8.480, -2.101185e-09
-8.480, -2.098521e-09
-8.480, -2.101329e-09
-8.480, -2.101582e-09
-8.480, -2.101426e-09
-8.480, -2.099515e-09
-8.480, -2.103442e-09
-8.470, -2.101431e-09
-8.470, -2.104354e-09
-8.470, -2.101644e-09
-8.470, -2.100361e-09
-8.470, -2.102083e-09
-8.470, -2.103769e-09
-8.470, -2.102718e-09
-8.470, -2.101002e-09
-8.470, -2.103897e-09
-8.470, -2.105525e-09
-8.460, -2.104475e-09
-8.460, -2.107155e-09
-8.460, -2.108377e-09
-8.460, -2.103516e-09
-8.460, -2.105692e-09
-8.460, -2.104845e-09
-8.460, -2.10441e-09
-8.460, -2.104774e-09
-8.460, -2.104307e-09
-8.460, -2.105689e-09
-8.450, -2.103179e-09
-8.450, -2.102039e-09
-8.450, -2.103908e-09
-8.450, -2.105398e-09
-8.450, -2.101809e-09
-8.450, -2.103256e-09
-8.450, -2.106055e-09
-8.450, -2.102681e-09
-8.450, -2.101374e-09
-8.450, -2.10825e-09
-8.440, -2.105557e-09
-8.440, -2.105916e-09
-8.440, -2.104424e-09
-8.440, -2.102708e-09
-8.440, -2.104403e-09
-8.440, -2.106708e-09
-8.440, -2.102348e-09
-8.440, -2.104058e-09
-8.440, -2.106443e-09
-8.440, -2.103324e-09
-8.430, -2.109481e-09
-8.430, -2.110471e-09
-8.430, -2.108643e-09
-8.430, -2.10859e-09
-8.430, -2.111758e-09
-8.430, -2.110048e-09
-8.430, -2.108798e-09
-8.430, -2.110427e-09
-8.430, -2.111601e-09
-8.430, -2.108726e-09
-8.420, -2.11124e-09
-8.420, -2.111619e-09
-8.420, -2.114717e-09
-8.420, -2.111357e-09
-8.420, -2.110018e-09
-8.420, -2.114129e-09
-8.420, -2.109194e-09
-8.420, -2.110462e-09
-8.420, -2.113604e-09
-8.420, -2.108173e-09
-8.410, -2.112386e-09
-8.410, -2.107687e-09
-8.410, -2.107132e-09
-8.410, -2.111792e-09
-8.410, -2.109967e-09
-8.410, -2.106894e-09
-8.410, -2.109593e-09
-8.410, -2.110537e-09
-8.410, -2.107056e-09
-8.410, -2.10744e-09
-8.400, -2.10727e-09
-8.400, -2.106253e-09
-8.400, -2.111322e-09
-8.400, -2.107563e-09
-8.400, -2.105438e-09
-8.400, -2.110234e-09
-8.400, -2.110611e-09
-8.400, -2.107129e-09
-8.400, -2.107373e-09
-8.400, -2.111397e-09
-8.390, -2.108298e-09
-8.390, -2.110927e-09
-8.390, -2.107189e-09
-8.390, -2.104486e-09
-8.390, -2.109401e-09
-8.390, -2.107477e-09
-8.390, -2.102892e-09
-8.390, -2.108503e-09
-8.390, -2.109211e-09
-8.390, -2.104652e-09
-8.380, -2.100271e-09
-8.380, -2.105951e-09
-8.380, -2.102721e-09
-8.380, -2.102387e-09
-8.380, -2.101912e-09
-8.380, -2.103289e-09
-8.380, -2.1038e-09
-8.380, -2.097757e-09
-8.380, -2.102134e-09
-8.380, -2.104176e-09
-8.370, -2.103481e-09
-8.370, -2.10516e-09
-8.370, -2.107565e-09
-8.370, -2.105356e-09
-8.370, -2.104177e-09
-8.370, -2.107724e-09
-8.370, -2.107643e-09
-8.370, -2.104228e-09
-8.370, -2.101784e-09
-8.370, -2.106531e-09
-8.360, -2.109216e-09
-8.360, -2.111133e-09
-8.360, -2.110667e-09
-8.360, -2.105105e-09
-8.360, -2.110482e-09
-8.360, -2.112112e-09
-8.360, -2.107454e-09
-8.360, -2.110274e-09
-8.360, -2.112252e-09
-8.360, -2.109715e-09
-8.350, -2.104525e-09
-8.350, -2.107519e-09
-8.350, -2.110986e-09
-8.350, -2.106584e-09
-8.350, -2.106841e-09
-8.350, -2.108288e-09
-8.350, -2.108265e-09
-8.350, -2.106215e-09
-8.350, -2.106919e-09
-8.350, -2.108294e-09
-8.340, -2.105921e-09
-8.340, -2.102138e-09
-8.340, -2.104916e-09
-8.340, -2.108739e-09
-8.340, -2.105285e-09
-8.340, -2.106148e-09
-8.340, -2.108818e-09
-8.340, -2.104462e-09
-8.340, -2.105104e-09
-8.340, -2.107232e-09
-8.330, -2.102296e-09
-8.330, -2.106241e-09
-8.330, -2.100716e-09
-8.330, -2.099436e-09
-8.330, -2.103398e-09
-8.330, -2.102947e-09
-8.330, -2.099547e-09
-8.330, -2.100508e-09
-8.330, -2.104011e-09
-8.330, -2.100834e-09
-8.320, -2.10195e-09
-8.320, -2.102063e-09
-8.320, -2.104322e-09
-8.320, -2.102398e-09
-8.320, -2.099871e-09
-8.320, -2.103177e-09
-8.320, -2.103888e-09
-8.320, -2.101296e-09
-8.320, -2.103863e-09
-8.320, -2.105364e-09
-8.310, -2.104081e-09
-8.310, -2.102493e-09
-8.310, -2.101865e-09
-8.310, -2.100418e-09
-8.310, -2.100982e-09
-8.310, -2.101915e-09
-8.310, -2.097079e-09
-8.310, -2.100868e-09
-8.310, -2.102484e-09
-8.310, -2.097147e-09
-8.300, -2.097345e-09
-8.300, -2.098346e-09
-8.300, -2.100051e-09
-8.300, -2.100411e-09
-8.300, -2.096433e-09
-8.300, -2.099628e-09
-8.300, -2.100057e-09
-8.300, -2.094146e-09
-8.300, -2.097525e-09
-8.300, -2.101986e-09
-8.290, -2.102728e-09
-8.290, -2.101909e-09
-8.290, -2.103854e-09
-8.290, -2.099274e-09
-8.290, -2.102254e-09
-8.290, -2.104158e-09
-8.290, -2.098602e-09
-8.290, -2.101802e-09
-8.290, -2.10186e-09
-8.290, -2.096758e-09
-8.280, -2.106231e-09
-8.280, -2.103239e-09
-8.280, -2.103675e-09
-8.280, -2.107207e-09
-8.280, -2.106124e-09
-8.280, -2.100965e-09
-8.280, -2.101802e-09
-8.280, -2.104813e-09
-8.280, -2.105268e-09
-8.280, -2.104309e-09
-8.270, -2.106211e-09
-8.270, -2.10802e-09
-8.270, -2.107374e-09
-8.270, -2.109154e-09
-8.270, -2.104022e-09
-8.270, -2.106949e-09
-8.270, -2.110197e-09
-8.270, -2.104057e-09
-8.270, -2.104291e-09
-8.270, -2.107342e-09
-8.260, -2.104046e-09
-8.260, -2.105351e-09
-8.260, -2.105895e-09
-8.260, -2.106248e-09
-8.260, -2.104413e-09
-8.260, -2.107601e-09
-8.260, -2.108306e-09
-8.260, -2.103167e-09
-8.260, -2.106807e-09
-8.260, -2.10841e-09
-8.250, -2.103215e-09
-8.250, -2.107726e-09
-8.250, -2.107469e-09
-8.250, -2.103476e-09
-8.250, -2.10873e-09
-8.250, -2.109482e-09
-8.250, -2.104841e-09
-8.250, -2.10724e-09
-8.250, -2.106765e-09
-8.250, -2.107064e-09
-8.240, -2.107604e-09
-8.240, -2.10331e-09
-8.240, -2.103785e-09
-8.240, -2.10837e-09
-8.240, -2.103311e-09
-8.240, -2.10188e-09
-8.240, -2.105847e-09
-8.240, -2.105889e-09
-8.240, -2.105438e-09
-8.240, -2.103445e-09
-8.230, -2.079325e-09
-8.230, -2.092257e-09
-8.230, -2.096818e-09
-8.230, -2.092299e-09
-8.230, -2.088153e-09
-8.230, -2.095225e-09
-8.230, -2.080363e-09
-8.230, -2.089144e-09
-8.230, -2.092324e-09
-8.230, -2.087952e-09
-8.220, -2.090887e-09
-8.220, -2.092053e-09
-8.220, -2.089891e-09
-8.220, -2.092011e-09
-8.220, -2.093038e-09
-8.220, -2.091101e-09
-8.220, -2.086261e-09
-8.220, -2.097498e-09
-8.220, -2.085652e-09
-8.220, -2.085914e-09
-8.210, -2.085092e-09
-8.210, -2.084072e-09
-8.210, -2.08674e-09
-8.210, -2.088249e-09
-8.210, -2.084911e-09
-8.210, -2.087029e-09
-8.210, -2.085303e-09
-8.210, -2.085419e-09
-8.210, -2.087908e-09
-8.210, -2.08218e-09
-8.200, -2.083179e-09
-8.200, -2.086161e-09
-8.200, -2.086395e-09
-8.200, -2.084026e-09
-8.200, -2.081933e-09
-8.200, -2.088286e-09
-8.200, -2.08655e-09
-8.200, -2.085023e-09
-8.200, -2.085882e-09
-8.200, -2.085742e-09
-8.190, -2.088695e-09
-8.190, -2.089806e-09
-8.190, -2.089192e-09
-8.190, -2.081759e-09
-8.190, -2.082046e-09
-8.190, -2.08734e-09
-8.190, -2.091818e-09
-8.190, -2.091989e-09
-8.190, -2.085406e-09
-8.190, -2.087256e-09
-8.180, -2.085043e-09
-8.180, -2.088179e-09
-8.180, -2.088374e-09
-8.180, -2.085708e-09
-8.180, -2.087849e-09
-8.180, -2.089156e-09
-8.180, -2.085055e-09
-8.180, -2.086034e-09
-8.180, -2.089048e-09
-8.180, -2.085595e-09
-8.170, -2.087089e-09
-8.170, -2.084287e-09
-8.170, -2.08498e-09
-8.170, -2.087141e-09
-8.170, -2.085483e-09
-8.170, -2.082776e-09
-8.170, -2.085513e-09
-8.170, -2.086411e-09
-8.170, -2.083521e-09
-8.170, -2.084052e-09
-8.160, -2.084751e-09
-8.160, -2.080422e-09
-8.160, -2.078187e-09
-8.160, -2.078609e-09
-8.160, -2.077473e-09
-8.160, -2.076554e-09
-8.160, -2.080016e-09
-8.160, -2.081365e-09
-8.160, -2.078579e-09
-8.160, -2.07794e-09
-8.150, -2.078731e-09
-8.150, -2.07411e-09
-8.150, -2.078027e-09
-8.150, -2.079128e-09
-8.150, -2.0766e-09
-8.150, -2.076096e-09
-8.150, -2.0792e-09
-8.150, -2.077414e-09
-8.150, -2.07353e-09
-8.150, -2.07549e-09
-8.140, -2.071302e-09
-8.140, -2.071888e-09
-8.140, -2.074496e-09
-8.140, -2.072863e-09
-8.140, -2.071402e-09
-8.140, -2.072386e-09
-8.140, -2.07359e-09
-8.140, -2.070556e-09
-8.140, -2.071065e-09
-8.140, -2.074239e-09
-8.130, -2.07229e-09
-8.130, -2.069754e-09
-8.130, -2.072291e-09
-8.130, -2.074067e-09
-8.130, -2.070723e-09
-8.130, -2.071363e-09
-8.130, -2.074466e-09
-8.130, -2.071497e-09
-8.130, -2.069276e-09
-8.130, -2.071814e-09
-8.120, -2.070932e-09
-8.120, -2.071423e-09
-8.120, -2.07351e-09
-8.120, -2.071613e-09
-8.120, -2.070478e-09
-8.120, -2.072985e-09
-8.120, -2.074331e-09
-8.120, -2.071139e-09
-8.120, -2.072518e-09
-8.120, -2.074282e-09
-8.110, -2.068961e-09
-8.110, -2.06716e-09
-8.110, -2.065712e-09
-8.110, -2.067641e-09
-8.110, -2.067455e-09
-8.110, -2.064211e-09
-8.110, -2.066676e-09
-8.110, -2.068373e-09
-8.110, -2.065504e-09
-8.110, -2.064746e-09
-8.100, -2.064245e-09
-8.100, -2.066018e-09
-8.100, -2.062714e-09
-8.100, -2.063212e-09
-8.100, -2.066134e-09
-8.100, -2.065941e-09
-8.100, -2.065671e-09
-8.100, -2.068295e-09
-8.100, -2.068929e-09
-8.100, -2.067153e-09
-8.090, -2.069083e-09
-8.090, -2.067941e-09
-8.090, -2.065119e-09
-8.090, -2.06655e-09
-8.090, -2.068585e-09
-8.090, -2.067338e-09
-8.090, -2.065597e-09
-8.090, -2.067725e-09
-8.090, -2.068109e-09
-8.090, -2.064495e-09
-8.080, -2.066501e-09
-8.080, -2.069591e-09
-8.080, -2.071633e-09
-8.080, -2.067069e-09
-8.080, -2.06706e-09
-8.080, -2.069761e-09
-8.080, -2.06904e-09
-8.080, -2.067439e-09
-8.080, -2.069106e-09
-8.080, -2.069141e-09
-8.070, -2.069686e-09
-8.070, -2.067865e-09
-8.070, -2.068525e-09
-8.070, -2.069122e-09
-8.070, -2.068852e-09
-8.070, -2.066297e-09
-8.070, -2.068361e-09
-8.070, -2.06834e-09
-8.070, -2.066098e-09
-8.070, -2.069715e-09
-8.060, -2.068576e-09
-8.060, -2.065673e-09
-8.060, -2.066721e-09
-8.060, -2.068237e-09
-8.060, -2.066624e-09
-8.060, -2.065587e-09
-8.060, -2.068188e-09
-8.060, -2.066834e-09
-8.060, -2.063331e-09
-8.060, -2.065974e-09
-8.050, -2.067866e-09
-8.050, -2.070303e-09
-8.050, -2.068772e-09
-8.050, -2.066407e-09
-8.050, -2.068361e-09
-8.050, -2.069545e-09
-8.050, -2.067046e-09
-8.050, -2.06814e-09
-8.050, -2.070607e-09
-8.050, -2.067832e-09
-8.040, -2.06742e-09
-8.040, -2.068985e-09
-8.040, -2.066934e-09
-8.040, -2.066627e-09
-8.040, -2.06984e-09
-8.040, -2.069559e-09
-8.040, -2.06616e-09
-8.040, -2.068305e-09
-8.040, -2.069405e-09
-8.040, -2.066251e-09
-8.030, -2.068662e-09
-8.030, -2.065184e-09
-8.030, -2.066549e-09
-8.030, -2.067839e-09
-8.030, -2.065862e-09
-8.030, -2.065308e-09
-8.030, -2.068063e-09
-8.030, -2.068253e-09
-8.030, -2.065699e-09
-8.030, -2.068213e-09
-8.020, -2.070563e-09
-8.020, -2.069137e-09
-8.020, -2.070656e-09
-8.020, -2.072652e-09
-8.020, -2.068882e-09
-8.020, -2.068982e-09
-8.020, -2.073303e-09
-8.020, -2.073081e-09
-8.020, -2.071691e-09
-8.020, -2.073808e-09
-8.010, -2.075015e-09
-8.010, -2.073072e-09
-8.010, -2.071847e-09
-8.010, -2.072833e-09
-8.010, -2.073294e-09
-8.010, -2.070645e-09
-8.010, -2.071876e-09
-8.010, -2.073826e-09
-8.010, -2.071313e-09
-8.010, -2.07105e-09
-8.000, -2.069567e-09
-8.000, -2.068936e-09
-8.000, -2.071866e-09
-8.000, -2.070089e-09
-8.000, -2.068358e-09
-8.000, -2.070478e-09
-8.000, -2.071439e-09
-8.000, -2.06958e-09
-8.000, -2.069971e-09
-8.000, -2.071187e-09
-7.990, -2.079067e-09
-7.990, -2.077167e-09
-7.990, -2.075572e-09
-7.990, -2.078076e-09
-7.990, -2.078703e-09
-7.990, -2.076289e-09
-7.990, -2.0775e-09
-7.990, -2.076826e-09
-7.990, -2.074031e-09
-7.990, -2.074799e-09
-7.980, -2.073682e-09
-7.980, -2.071592e-09
-7.980, -2.073345e-09
-7.980, -2.074238e-09
-7.980, -2.073305e-09
-7.980, -2.073221e-09
-7.980, -2.076605e-09
-7.980, -2.075465e-09
-7.980, -2.073361e-09
-7.980, -2.076808e-09
-7.970, -2.074033e-09
-7.970, -2.075626e-09
-7.970, -2.074053e-09
-7.970, -2.073489e-09
-7.970, -2.075366e-09
-7.970, -2.075734e-09
-7.970, -2.073546e-09
-7.970, -2.074753e-09
-7.970, -2.07803e-09
-7.970, -2.075828e-09
-7.960, -2.137042e-09
-7.960, -2.143888e-09
-7.960, -2.143148e-09
-7.960, -2.14017e-09
-7.960, -2.139963e-09
-7.960, -2.141256e-09
-7.960, -2.137969e-09
-7.960, -2.135682e-09
-7.960, -2.136378e-09
-7.960, -2.134197e-09
-7.950, -2.126974e-09
-7.950, -2.121825e-09
-7.950, -2.124655e-09
-7.950, -2.120112e-09
-7.950, -2.121141e-09
-7.950, -2.118431e-09
-7.950, -2.117582e-09
-7.950, -2.122885e-09
-7.950, -2.118774e-09
-7.950, -2.123572e-09
-7.940, -2.11196e-09
-7.940, -2.112341e-09
-7.940, -2.109648e-09
-7.940, -2.111722e-09
-7.940, -2.116837e-09
-7.940, -2.110239e-09
-7.940, -2.114674e-09
-7.940, -2.112435e-09
-7.940, -2.111366e-09
-7.940, -2.107653e-09
-7.930, -2.113721e-09
-7.930, -2.121384e-09
-7.930, -2.137781e-09
-7.930, -2.130359e-09
-7.930, -2.125333e-09
-7.930, -2.11853e-09
-7.930, -2.119452e-09
-7.930, -2.114717e-09
-7.930, -2.112889e-09
-7.930, -2.112466e-09
-7.920, -2.112277e-09
-7.920, -2.126486e-09
-7.920, -2.116267e-09
-7.920, -2.110611e-09
-7.920, -2.118405e-09
-7.920, -2.11443e-09
-7.920, -2.111332e-09
-7.920, -2.115487e-09
-7.920, -2.120312e-09
-7.920, -2.120881e-09
-7.910, -2.118904e-09
-7.910, -2.116773e-09
-7.910, -2.115467e-09
-7.910, -2.121471e-09
-7.910, -2.119589e-09
-7.910, -2.116687e-09
-7.910, -2.116376e-09
-7.910, -2.119381e-09
-7.910, -2.115679e-09
-7.910, -2.119454e-09
-7.900, -2.126756e-09
-7.900, -2.123096e-09
-7.900, -2.127268e-09
-7.900, -2.124396e-09
-7.900, -2.127777e-09
-7.900, -2.124904e-09
-7.900, -2.127129e-09
-7.900, -2.125532e-09
-7.900, -2.117758e-09
-7.900, -2.118756e-09
-7.890, -2.120438e-09
-7.890, -2.132809e-09
-7.890, -2.127288e-09
-7.890, -2.125711e-09
-7.890, -2.127155e-09
-7.890, -2.126638e-09
-7.890, -2.128552e-09
-7.890, -2.125046e-09
-7.890, -2.125525e-09
-7.890, -2.130254e-09
-7.880, -2.119673e-09
-7.880, -2.117047e-09
-7.880, -2.117026e-09
-7.880, -2.121937e-09
-7.880, -2.118095e-09
-7.880, -2.113515e-09
-7.880, -2.120094e-09
-7.880, -2.120019e-09
-7.880, -2.113802e-09
-7.880, -2.120722e-09
-7.870, -2.113382e-09
-7.870, -2.11563e-09
-7.870, -2.114282e-09
-7.870, -2.119036e-09
-7.870, -2.110936e-09
-7.870, -2.10928e-09
-7.870, -2.106803e-09
-7.870, -2.10866e-09
-7.870, -2.107482e-09
-7.870, -2.109107e-09
-7.860, -2.113338e-09
-7.860, -2.112065e-09
-7.860, -2.111999e-09
-7.860, -2.108629e-09
-7.860, -2.11187e-09
-7.860, -2.114007e-09
-7.860, -2.115567e-09
-7.860, -2.11344e-09
-7.860, -2.109163e-09
-7.860, -2.11275e-09
-7.850, -2.115574e-09
-7.850, -2.106831e-09
-7.850, -2.111112e-09
-7.850, -2.107225e-09
-7.850, -2.105303e-09
-7.850, -2.112343e-09
-7.850, -2.112127e-09
-7.850, -2.110386e-09
-7.850, -2.105678e-09
-7.850, -2.107785e-09
-7.840, -2.093619e-09
-7.840, -2.097086e-09
-7.840, -2.103744e-09
-7.840, -2.107563e-09
-7.840, -2.103152e-09
-7.840, -2.096134e-09
-7.840, -2.107841e-09
-7.840, -2.09224e-09
-7.840, -2.098448e-09
-7.840, -2.099701e-09
-7.830, -2.067259e-09
-7.830, -2.067432e-09
-7.830, -2.068828e-09
-7.830, -2.058411e-09
-7.830, -2.067765e-09
-7.830, -2.069062e-09
-7.830, -2.070878e-09
-7.830, -2.068721e-09
-7.830, -2.069235e-09
-7.830, -2.071409e-09
-7.820, -2.073992e-09
-7.820, -2.072255e-09
-7.820, -2.066008e-09
-7.820, -2.07448e-09
-7.820, -2.062977e-09
-7.820, -2.060201e-09
-7.820, -2.059668e-09
-7.820, -2.062034e-09
-7.820, -2.05344e-09
-7.820, -2.055366e-09
-7.810, -2.057949e-09
-7.810, -2.057277e-09
-7.810, -2.058357e-09
-7.810, -2.054365e-09
-7.810, -2.056822e-09
-7.810, -2.056271e-09
-7.810, -2.056483e-09
-7.810, -2.050576e-09
-7.810, -2.053912e-09
-7.810, -2.051904e-09
-7.800, -2.084634e-09
-7.800, -2.076436e-09
-7.800, -2.07451e-09
-7.800, -2.092945e-09
-7.800, -2.102985e-09
-7.800, -2.098268e-09
-7.800, -2.097437e-09
-7.800, -2.103189e-09
-7.800, -2.114826e-09
-7.800, -2.099493e-09
-7.790, -2.08793e-09
-7.790, -2.088535e-09
-7.790, -2.094827e-09
-7.790, -2.086698e-09
-7.790, -2.094277e-09
-7.790, -2.084782e-09
-7.790, -2.083795e-09
-7.790, -2.082438e-09
-7.790, -2.077235e-09
-7.790, -2.076643e-09
-7.780, -2.078052e-09
-7.780, -2.078583e-09
-7.780, -2.078174e-09
-7.780, -2.077664e-09
-7.780, -2.080117e-09
-7.780, -2.079648e-09
-7.780, -2.077552e-09
-7.780, -2.07725e-09
-7.780, -2.078612e-09
-7.780, -2.077526e-09
-7.770, -2.074734e-09
-7.770, -2.075869e-09
-7.770, -2.07182e-09
-7.770, -2.072554e-09
-7.770, -2.073323e-09
-7.770, -2.072225e-09
-7.770, -2.071422e-09
-7.770, -2.072559e-09
-7.770, -2.071372e-09
-7.770, -2.068739e-09
-7.760, -2.070302e-09
-7.760, -2.069522e-09
-7.760, -2.07209e-09
-7.760, -2.071195e-09
-7.760, -2.069274e-09
-7.760, -2.070656e-09
-7.760, -2.071599e-09
-7.760, -2.070081e-09
-7.760, -2.070271e-09
-7.760, -2.071334e-09
-7.750, -2.068345e-09
-7.750, -2.068043e-09
-7.750, -2.069521e-09
-7.750, -2.068964e-09
-7.750, -2.067886e-09
-7.750, -2.068979e-09
-7.750, -2.068321e-09
-7.750, -2.066826e-09
-7.750, -2.068075e-09
-7.750, -2.068865e-09
-7.740, -2.067849e-09
-7.740, -2.067467e-09
-7.740, -2.068147e-09
-7.740, -2.06967e-09
-7.740, -2.068175e-09
-7.740, -2.06721e-09
-7.740, -2.068939e-09
-7.740, -2.07063e-09
-7.740, -2.068487e-09
-7.740, -2.069695e-09
-7.730, -2.056521e-09
-7.730, -2.052543e-09
-7.730, -2.065472e-09
-7.730, -2.061744e-09
-7.730, -2.066119e-09
-7.730, -2.068001e-09
-7.730, -2.070613e-09
-7.730, -2.072241e-09
-7.730, -2.072573e-09
-7.730, -2.072953e-09
-7.720, -2.070294e-09
-7.720, -2.071764e-09
-7.720, -2.075659e-09
-7.720, -2.077054e-09
-7.720, -2.079104e-09
-7.720, -2.078127e-09
-7.720, -2.076669e-09
-7.720, -2.075627e-09
-7.720, -2.077208e-09
-7.720, -2.076092e-09
-7.710, -2.075745e-09
-7.710, -2.07295e-09
-7.710, -2.074392e-09
-7.710, -2.06441e-09
-7.710, -2.062108e-09
-7.710, -2.060376e-09
-7.710, -2.062059e-09
-7.710, -2.059648e-09
-7.710, -2.056797e-09
-7.710, -2.058687e-09
-7.700, -2.057562e-09
-7.700, -2.061057e-09
-7.700, -2.047128e-09
-7.700, -2.056903e-09
-7.700, -2.061808e-09
-7.700, -2.047181e-09
-7.700, -2.055456e-09
-7.700, -2.065948e-09
-7.700, -2.04912e-09
-7.700, -2.053564e-09
-7.690, -2.056637e-09
-7.690, -2.046902e-09
-7.690, -2.050969e-09
-7.690, -2.059314e-09
-7.690, -2.046583e-09
-7.690, -2.048145e-09
-7.690, -2.057241e-09
-7.690, -2.048026e-09
-7.690, -2.046541e-09
-7.690, -2.05929e-09
-7.680, -2.110677e-09
-7.680, -2.109141e-09
-7.680, -2.109825e-09
-7.680, -2.110824e-09
-7.680, -2.117924e-09
-7.680, -2.118597e-09
-7.680, -2.122428e-09
-7.680, -2.113554e-09
-7.680, -2.113428e-09
-7.680, -2.112064e-09
-7.670, -2.111217e-09
-7.670, -2.108521e-09
-7.670, -2.109281e-09
-7.670, -2.114123e-09
-7.670, -2.11193e-09
-7.670, -2.111549e-09
-7.670, -2.105947e-09
-7.670, -2.110625e-09
-7.670, -2.110379e-09
-7.670, -2.111093e-09
-7.660, -2.110653e-09
-7.660, -2.105418e-09
-7.660, -2.107028e-09
-7.660, -2.112525e-09
-7.660, -2.109173e-09
-7.660, -2.112756e-09
-7.660, -2.108201e-09
-7.660, -2.112411e-09
-7.660, -2.106815e-09
-7.660, -2.110764e-09
-7.650, -2.109767e-09
-7.650, -2.108122e-09
-7.650, -2.107135e-09
-7.650, -2.103826e-09
-7.650, -2.101155e-09
-7.650, -2.109298e-09
-7.650, -2.110552e-09
-7.650, -2.105226e-09
-7.650, -2.109473e-09
-7.650, -2.102845e-09
-7.640, -2.105044e-09
-7.640, -2.10861e-09
-7.640, -2.104022e-09
-7.640, -2.100881e-09
-7.640, -2.10579e-09
-7.640, -2.109576e-09
-7.640, -2.102688e-09
-7.640, -2.106643e-09
-7.640, -2.098387e-09
-7.640, -2.104215e-09
-7.630, -2.102443e-09
-7.630, -2.108782e-09
-7.630, -2.101469e-09
-7.630, -2.105847e-09
-7.630, -2.119141e-09
-7.630, -2.102367e-09
-7.630, -2.099885e-09
-7.630, -2.104084e-09
-7.630, -2.1048e-09
-7.630, -2.101243e-09
-7.620, -2.110548e-09
-7.620, -2.102546e-09
-7.620, -2.106823e-09
-7.620, -2.108979e-09
-7.620, -2.102883e-09
-7.620, -2.105964e-09
-7.620, -2.111826e-09
-7.620, -2.10127e-09
-7.620, -2.104644e-09
-7.620, -2.099498e-09
-7.610, -2.099246e-09
-7.610, -2.097615e-09
-7.610, -2.098105e-09
-7.610, -2.11113e-09
-7.610, -2.100505e-09
-7.610, -2.099631e-09
-7.610, -2.108218e-09
-7.610, -2.0974e-09
-7.610, -2.096705e-09
-7.610, -2.103646e-09
-7.600, -2.095194e-09
-7.600, -2.104073e-09
-7.600, -2.100129e-09
-7.600, -2.100796e-09
-7.600, -2.10276e-09
-7.600, -2.098893e-09
-7.600, -2.106065e-09
-7.600, -2.099504e-09
-7.600, -2.098902e-09
-7.600, -2.106989e-09
-7.590, -2.057117e-09
-7.590, -2.065591e-09
-7.590, -2.06725e-09
-7.590, -2.060465e-09
-7.590, -2.057243e-09
-7.590, -2.081359e-09
-7.590, -2.099682e-09
-7.590, -2.07666e-09
-7.590, -2.077795e-09
-7.590, -2.095295e-09
-7.580, -2.064222e-09
-7.580, -2.067203e-09
-7.580, -2.065353e-09
-7.580, -2.065363e-09
-7.580, -2.060379e-09
-7.580, -2.061394e-09
-7.580, -2.062316e-09
-7.580, -2.05963e-09
-7.580, -2.059652e-09
-7.580, -2.0606e-09
-7.570, -2.061829e-09
-7.570, -2.06085e-09
-7.570, -2.059378e-09
-7.570, -2.060734e-09
-7.570, -2.060516e-09
-7.570, -2.056194e-09
-7.570, -2.05891e-09
-7.570, -2.059523e-09
-7.570, -2.059414e-09
-7.570, -2.058789e-09
-7.560, -2.100976e-09
-7.560, -2.105268e-09
-7.560, -2.106489e-09
-7.560, -2.091554e-09
-7.560, -2.084208e-09
-7.560, -2.081286e-09
-7.560, -2.075743e-09
-7.560, -2.076015e-09
-7.560, -2.076229e-09
-7.560, -2.072193e-09
-7.550, -2.06015e-09
-7.550, -2.059589e-09
-7.550, -2.060583e-09
-7.550, -2.060585e-09
-7.550, -2.059951e-09
-7.550, -2.059408e-09
-7.550, -2.060129e-09
-7.550, -2.059951e-09
-7.550, -2.059238e-09
-7.550, -2.059474e-09
-7.540, -2.067142e-09
-7.540, -2.065965e-09
-7.540, -2.065464e-09
-7.540, -2.064493e-09
-7.540, -2.064769e-09
-7.540, -2.065162e-09
-7.540, -2.058755e-09
-7.540, -2.060139e-09
-7.540, -2.061444e-09
-7.540, -2.060768e-09
-7.530, -2.054487e-09
-7.530, -2.056258e-09
-7.530, -2.057458e-09
-7.530, -2.057335e-09
-7.530, -2.061048e-09
-7.530, -2.072028e-09
-7.530, -2.064661e-09
-7.530, -2.06655e-09
-7.530, -2.066062e-09
-7.530, -2.073488e-09
-7.520, -2.055168e-09
-7.520, -2.054794e-09
-7.520, -2.056443e-09
-7.520, -2.056006e-09
-7.520, -2.055352e-09
-7.520, -2.057947e-09
-7.520, -2.06277e-09
-7.520, -2.070693e-09
-7.520, -2.081276e-09
-7.520, -2.07625e-09
-7.510, -2.071149e-09
-7.510, -2.070568e-09
-7.510, -2.071349e-09
-7.510, -2.071636e-09
-7.510, -2.070918e-09
-7.510, -2.071033e-09
-7.510, -2.072069e-09
-7.510, -2.070861e-09
-7.510, -2.071814e-09
-7.510, -2.071896e-09
-7.500, -2.073372e-09
-7.500, -2.074187e-09
-7.500, -2.072729e-09
-7.500, -2.071658e-09
-7.500, -2.072019e-09
-7.500, -2.074365e-09
-7.500, -2.071682e-09
-7.500, -2.085395e-09
-7.500, -2.092241e-09
-7.500, -2.083891e-09
-7.490, -2.068423e-09
-7.490, -2.067317e-09
-7.490, -2.067745e-09
-7.490, -2.068067e-09
-7.490, -2.066297e-09
-7.490, -2.066719e-09
-7.490, -2.069188e-09
-7.490, -2.068232e-09
-7.490, -2.068325e-09
-7.490, -2.068529e-09
-7.480, -2.067189e-09
-7.480, -2.071109e-09
-7.480, -2.068668e-09
-7.480, -2.06811e-09
-7.480, -2.068011e-09
-7.480, -2.069068e-09
-7.480, -2.078015e-09
-7.480, -2.066675e-09
-7.480, -2.067536e-09
-7.480, -2.068392e-09
-7.470, -2.0663e-09
-7.470, -2.067244e-09
-7.470, -2.067215e-09
-7.470, -2.066772e-09
-7.470, -2.071659e-09
-7.470, -2.06679e-09
-7.470, -2.065609e-09
-7.470, -2.069482e-09
-7.470, -2.064754e-09
-7.470, -2.064829e-09
-7.460, -2.062629e-09
-7.460, -2.061432e-09
-7.460, -2.069724e-09
-7.460, -2.065577e-09
-7.460, -2.066698e-09
-7.460, -2.064383e-09
-7.460, -2.067501e-09
-7.460, -2.065175e-09
-7.460, -2.06361e-09
-7.460, -2.066752e-09
-7.450, -2.065463e-09
-7.450, -2.06632e-09
-7.450, -2.067021e-09
-7.450, -2.064556e-09
-7.450, -2.066137e-09
-7.450, -2.066002e-09
-7.450, -2.06497e-09
-7.450, -2.065187e-09
-7.450, -2.067461e-09
-7.450, -2.065032e-09
-7.440, -2.067146e-09
-7.440, -2.066753e-09
-7.440, -2.067917e-09
-7.440, -2.067162e-09
-7.440, -2.065318e-09
-7.440, -2.066671e-09
-7.440, -2.066575e-09
-7.440, -2.065492e-09
-7.440, -2.066598e-09
-7.440, -2.065766e-09
-7.430, -2.062413e-09
-7.430, -2.06145e-09
-7.430, -2.055407e-09
-7.430, -2.055773e-09
-7.430, -2.0572e-09
-7.430, -2.056472e-09
-7.430, -2.055139e-09
-7.430, -2.056034e-09
-7.430, -2.054848e-09
-7.430, -2.053934e-09
-7.420, -2.060656e-09
-7.420, -2.048613e-09
-7.420, -2.052332e-09
-7.420, -2.054497e-09
-7.420, -2.047748e-09
-7.420, -2.053661e-09
-7.420, -2.052833e-09
-7.420, -2.058181e-09
-7.420, -2.05514e-09
-7.420, -2.058691e-09
-7.410, -2.062617e-09
-7.410, -2.063291e-09
-7.410, -2.062376e-09
-7.410, -2.064267e-09
-7.410, -2.067087e-09
-7.410, -2.062167e-09
-7.410, -2.06267e-09
-7.410, -2.064806e-09
-7.410, -2.064664e-09
-7.410, -2.064624e-09
-7.400, -2.067451e-09
-7.400, -2.066797e-09
-7.400, -2.067591e-09
-7.400, -2.06921e-09
-7.400, -2.066873e-09
-7.400, -2.067361e-09
-7.400, -2.06837e-09
-7.400, -2.067198e-09
-7.400, -2.066648e-09
-7.400, -2.06749e-09
-7.390, -2.069289e-09
-7.390, -2.07048e-09
-7.390, -2.07045e-09
-7.390, -2.070067e-09
-7.390, -2.072258e-09
-7.390, -2.072611e-09
-7.390, -2.069932e-09
-7.390, -2.071797e-09
-7.390, -2.073669e-09
-7.390, -2.073077e-09
-7.380, -2.064742e-09
-7.380, -2.060943e-09
-7.380, -2.050035e-09
-7.380, -2.060065e-09
-7.380, -2.057521e-09
-7.380, -2.065805e-09
-7.380, -2.061864e-09
-7.380, -2.059684e-09
-7.380, -2.064303e-09
-7.380, -2.0406e-09
-7.370, -2.063764e-09
-7.370, -2.062768e-09
-7.370, -2.0603e-09
-7.370, -2.073098e-09
-7.370, -2.102566e-09
-7.370, -2.090901e-09
-7.370, -2.099664e-09
-7.370, -2.083175e-09
-7.370, -2.082605e-09
-7.370, -2.073481e-09
-7.360, -2.113097e-09
-7.360, -2.107093e-09
-7.360, -2.108559e-09
-7.360, -2.109237e-09
-7.360, -2.105192e-09
-7.360, -2.106963e-09
-7.360, -2.112371e-09
-7.360, -2.106922e-09
-7.360, -2.108e-09
-7.360, -2.108388e-09
-7.350, -2.105344e-09
-7.350, -2.113275e-09
-7.350, -2.103566e-09
-7.350, -2.109581e-09
-7.350, -2.102758e-09
-7.350, -2.101307e-09
-7.350, -2.108456e-09
-7.350, -2.107258e-09
-7.350, -2.104582e-09
-7.350, -2.099688e-09
-7.340, -2.104872e-09
-7.340, -2.107267e-09
-7.340, -2.11362e-09
-7.340, -2.106766e-09
-7.340, -2.109877e-09
-7.340, -2.100677e-09
-7.340, -2.106952e-09
-7.340, -2.102687e-09
-7.340, -2.105388e-09
-7.340, -2.09987e-09
-7.330, -2.097951e-09
-7.330, -2.106635e-09
-7.330, -2.091799e-09
-7.330, -2.114004e-09
-7.330, -2.093868e-09
-7.330, -2.100185e-09
-7.330, -2.097437e-09
-7.330, -2.099694e-09
-7.330, -2.097964e-09
-7.330, -2.102402e-09
-7.320, -2.099517e-09
-7.320, -2.099636e-09
-7.320, -2.106505e-09
-7.320, -2.100036e-09
-7.320, -2.106474e-09
-7.320, -2.090935e-09
-7.320, -2.09459e-09
-7.320, -2.094157e-09
-7.320, -2.096558e-09
-7.320, -2.093621e-09
-7.310, -2.087311e-09
-7.310, -2.085696e-09
-7.310, -2.086445e-09
-7.310, -2.083092e-09
-7.310, -2.082897e-09
-7.310, -2.085416e-09
-7.310, -2.093977e-09
-7.310, -2.088575e-09
-7.310, -2.090156e-09
-7.310, -2.086395e-09
-7.300, -2.087701e-09
-7.300, -2.078519e-09
-7.300, -2.084199e-09
-7.300, -2.089081e-09
-7.300, -2.088659e-09
-7.300, -2.082851e-09
-7.300, -2.08497e-09
-7.300, -2.088923e-09
-7.300, -2.083678e-09
-7.300, -2.091364e-09
-7.290, -2.089738e-09
-7.290, -2.089664e-09
-7.290, -2.084131e-09
-7.290, -2.080824e-09
-7.290, -2.086006e-09
-7.290, -2.087411e-09
-7.290, -2.084675e-09
-7.290, -2.081911e-09
-7.290, -2.079872e-09
-7.290, -2.082865e-09
-7.280, -2.090601e-09
-7.280, -2.085377e-09
-7.280, -2.08485e-09
-7.280, -2.078402e-09
-7.280, -2.080339e-09
-7.280, -2.069382e-09
-7.280, -2.074634e-09
-7.280, -2.074754e-09
-7.280, -2.074881e-09
-7.280, -2.076269e-09
-7.270, -2.076281e-09
-7.270, -2.077168e-09
-7.270, -2.075687e-09
-7.270, -2.076593e-09
-7.270, -2.077157e-09
-7.270, -2.076911e-09
-7.270, -2.076578e-09
-7.270, -2.07631e-09
-7.270, -2.076401e-09
-7.270, -2.075659e-09
-7.260, -2.075485e-09
-7.260, -2.075255e-09
-7.260, -2.075399e-09
-7.260, -2.074294e-09
-7.260, -2.074393e-09
-7.260, -2.073936e-09
-7.260, -2.072446e-09
-7.260, -2.073641e-09
-7.260, -2.074132e-09
-7.260, -2.073446e-09
-7.250, -2.07535e-09
-7.250, -2.075765e-09
-7.250, -2.07557e-09
-7.250, -2.075126e-09
-7.250, -2.074345e-09
-7.250, -2.075137e-09
-7.250, -2.074904e-09
-7.250, -2.075143e-09
-7.250, -2.074965e-09
-7.250, -2.075921e-09
-7.240, -2.073553e-09
-7.240, -2.072726e-09
-7.240, -2.072854e-09
-7.240, -2.072809e-09
-7.240, -2.072943e-09
-7.240, -2.071777e-09
-7.240, -2.071871e-09
-7.240, -2.073914e-09
-7.240, -2.073175e-09
-7.240, -2.07281e-09
-7.230, -2.069858e-09
-7.230, -2.069099e-09
-7.230, -2.069428e-09
-7.230, -2.070317e-09
-7.230, -2.071252e-09
-7.230, -2.070789e-09
-7.230, -2.072448e-09
-7.230, -2.07248e-09
-7.230, -2.070935e-09
-7.230, -2.070542e-09
-7.220, -2.06825e-09
-7.220, -2.068507e-09
-7.220, -2.070976e-09
-7.220, -2.070357e-09
-7.220, -2.070054e-09
-7.220, -2.070746e-09
-7.220, -2.071227e-09
-7.220, -2.070819e-09
-7.220, -2.071896e-09
-7.220, -2.071208e-09
-7.210, -2.072183e-09
-7.210, -2.072007e-09
-7.210, -2.073572e-09
-7.210, -2.073113e-09
-7.210, -2.073163e-09
-7.210, -2.07321e-09
-7.210, -2.073267e-09
-7.210, -2.073896e-09
-7.210, -2.075077e-09
-7.210, -2.074803e-09
-7.200, -2.072413e-09
-7.200, -2.072418e-09
-7.200, -2.07268e-09
-7.200, -2.07082e-09
-7.200, -2.07193e-09
-7.200, -2.072821e-09
-7.200, -2.072416e-09
-7.200, -2.071564e-09
-7.200, -2.070159e-09
-7.200, -2.069564e-09
-7.190, -2.071291e-09
-7.190, -2.071159e-09
-7.190, -2.07177e-09
-7.190, -2.072196e-09
-7.190, -2.072539e-09
-7.190, -2.072945e-09
-7.190, -2.073042e-09
-7.190, -2.072341e-09
-7.190, -2.071822e-09
-7.190, -2.070783e-09
-7.180, -2.071327e-09
-7.180, -2.072401e-09
-7.180, -2.071825e-09
-7.180, -2.071554e-09
-7.180, -2.071541e-09
-7.180, -2.071576e-09
-7.180, -2.071295e-09
-7.180, -2.072078e-09
-7.180, -2.073232e-09
-7.180, -2.071695e-09
-7.170, -2.068145e-09
-7.170, -2.068478e-09
-7.170, -2.067666e-09
-7.170, -2.067617e-09
-7.170, -2.067762e-09
-7.170, -2.067122e-09
-7.170, -2.067643e-09
-7.170, -2.067421e-09
-7.170, -2.067307e-09
-7.170, -2.067411e-09
-7.160, -2.068428e-09
-7.160, -2.068083e-09
-7.160, -2.067195e-09
-7.160, -2.068099e-09
-7.160, -2.070231e-09
-7.160, -2.070205e-09
-7.160, -2.070204e-09
-7.160, -2.070144e-09
-7.160, -2.069369e-09
-7.160, -2.069684e-09
-7.150, -2.071863e-09
-7.150, -2.072559e-09
-7.150, -2.071742e-09
-7.150, -2.071321e-09
-7.150, -2.072244e-09
-7.150, -2.072519e-09
-7.150, -2.072867e-09
-7.150, -2.072597e-09
-7.150, -2.072153e-09
-7.150, -2.071759e-09
-7.140, -2.071589e-09
-7.140, -2.072658e-09
-7.140, -2.070826e-09
-7.140, -2.073106e-09
-7.140, -2.073205e-09
-7.140, -2.072674e-09
-7.140, -2.072825e-09
-7.140, -2.074554e-09
-7.140, -2.075067e-09
-7.140, -2.074332e-09
-7.130, -2.07457e-09
-7.130, -2.075602e-09
-7.130, -2.076039e-09
-7.130, -2.075533e-09
-7.130, -2.074535e-09
-7.130, -2.075286e-09
-7.130, -2.075205e-09
-7.130, -2.074708e-09
-7.130, -2.07599e-09
-7.130, -2.074644e-09
-7.120, -2.073958e-09
-7.120, -2.074076e-09
-7.120, -2.074069e-09
-7.120, -2.073073e-09
-7.120, -2.073486e-09
-7.120, -2.074622e-09
-7.120, -2.073016e-09
-7.120, -2.073904e-09
-7.120, -2.072216e-09
-7.120, -2.071746e-09
-7.110, -2.07395e-09
-7.110, -2.074256e-09
-7.110, -2.073798e-09
-7.110, -2.073907e-09
-7.110, -2.074666e-09
-7.110, -2.073772e-09
-7.110, -2.073425e-09
-7.110, -2.073788e-09
-7.110, -2.073291e-09
-7.110, -2.073917e-09
-7.100, -2.069202e-09
-7.100, -2.069165e-09
-7.100, -2.070234e-09
-7.100, -2.069289e-09
-7.100, -2.069248e-09
-7.100, -2.069833e-09
-7.100, -2.069499e-09
-7.100, -2.069172e-09
-7.100, -2.07059e-09
-7.100, -2.06964e-09
-7.090, -2.06944e-09
-7.090, -2.069025e-09
-7.090, -2.069753e-09
-7.090, -2.069966e-09
-7.090, -2.069918e-09
-7.090, -2.06873e-09
-7.090, -2.068946e-09
-7.090, -2.069406e-09
-7.090, -2.069463e-09
-7.090, -2.067202e-09
-7.080, -2.069402e-09
-7.080, -2.069428e-09
-7.080, -2.069358e-09
-7.080, -2.069737e-09
-7.080, -2.069301e-09
-7.080, -2.070511e-09
-7.080, -2.070706e-09
-7.080, -2.069302e-09
-7.080, -2.069396e-09
-7.080, -2.069155e-09
-7.070, -2.067093e-09
-7.070, -2.066491e-09
-7.070, -2.067013e-09
-7.070, -2.067909e-09
-7.070, -2.068728e-09
-7.070, -2.069689e-09
-7.070, -2.068426e-09
-7.070, -2.068394e-09
-7.070, -2.068559e-09
-7.070, -2.068509e-09
-7.060, -2.066768e-09
-7.060, -2.067209e-09
-7.060, -2.066231e-09
-7.060, -2.067757e-09
-7.060, -2.067314e-09
-7.060, -2.066942e-09
-7.060, -2.067193e-09
-7.060, -2.066947e-09
-7.060, -2.052718e-09
-7.060, -2.048052e-09
-7.050, -2.11801e-09
-7.050, -2.115428e-09
-7.050, -2.114519e-09
-7.050, -2.11711e-09
-7.050, -2.11494e-09
-7.050, -2.114818e-09
-7.050, -2.114324e-09
-7.050, -2.111924e-09
-7.050, -2.11146e-09
-7.050, -2.112524e-09
-7.040, -2.107318e-09
-7.040, -2.109172e-09
-7.040, -2.10965e-09
-7.040, -2.109655e-09
-7.040, -2.106452e-09
-7.040, -2.107457e-09
-7.040, -2.106716e-09
-7.040, -2.10607e-09
-7.040, -2.106516e-09
-7.040, -2.105364e-09
-7.030, -2.104105e-09
-7.030, -2.10615e-09
-7.030, -2.107421e-09
-7.030, -2.10665e-09
-7.030, -2.111071e-09
-7.030, -2.108421e-09
-7.030, -2.105955e-09
-7.030, -2.108899e-09
-7.030, -2.106844e-09
-7.030, -2.107113e-09
-7.020, -2.106815e-09
-7.020, -2.105434e-09
-7.020, -2.108324e-09
-7.020, -2.108991e-09
-7.020, -2.107621e-09
-7.020, -2.107013e-09
-7.020, -2.107458e-09
-7.020, -2.106852e-09
-7.020, -2.105452e-09
-7.020, -2.108898e-09
-7.010, -2.104314e-09
-7.010, -2.102506e-09
-7.010, -2.103003e-09
-7.010, -2.103967e-09
-7.010, -2.104468e-09
-7.010, -2.104026e-09
-7.010, -2.10343e-09
-7.010, -2.103873e-09
-7.010, -2.106137e-09
-7.010, -2.104853e-09
-7.000, -2.105807e-09
-7.000, -2.10533e-09
-7.000, -2.106827e-09
-7.000, -2.104849e-09
-7.000, -2.1055e-09
-7.000, -2.108231e-09
-7.000, -2.109256e-09
-7.000, -2.108472e-09
-7.000, -2.10743e-09
-7.000, -2.107223e-09
-6.990, -2.10579e-09
-6.990, -2.107394e-09
-6.990, -2.108308e-09
-6.990, -2.105631e-09
-6.990, -2.106223e-09
-6.990, -2.105984e-09
-6.990, -2.105292e-09
-6.990, -2.10635e-09
-6.990, -2.108103e-09
-6.990, -2.105679e-09
-6.980, -2.105043e-09
-6.980, -2.105071e-09
-6.980, -2.107089e-09
-6.980, -2.105279e-09
-6.980, -2.105601e-09
-6.980, -2.106426e-09
-6.980, -2.107764e-09
-6.980, -2.105855e-09
-6.980, -2.105431e-09
-6.980, -2.106798e-09
-6.970, -2.108858e-09
-6.970, -2.109034e-09
-6.970, -2.106683e-09
-6.970, -2.107978e-09
-6.970, -2.109313e-09
-6.970, -2.108062e-09
-6.970, -2.108448e-09
-6.970, -2.108902e-09
-6.970, -2.10803e-09
-6.970, -2.107493e-09
-6.960, -2.111162e-09
-6.960, -2.112676e-09
-6.960, -2.109479e-09
-6.960, -2.108345e-09
-6.960, -2.106946e-09
-6.960, -2.107845e-09
-6.960, -2.108058e-09
-6.960, -2.10887e-09
-6.960, -2.109163e-09
-6.960, -2.109302e-09
-6.950, -2.111049e-09
-6.950, -2.109092e-09
-6.950, -2.106566e-09
-6.950, -2.108754e-09
-6.950, -2.107983e-09
-6.950, -2.106981e-09
-6.950, -2.108101e-09
-6.950, -2.109269e-09
-6.950, -2.107196e-09
-6.950, -2.107947e-09
-6.940, -2.103976e-09
-6.940, -2.104393e-09
-6.940, -2.105123e-09
-6.940, -2.105244e-09
-6.940, -2.105021e-09
-6.940, -2.104414e-09
-6.940, -2.104517e-09
-6.940, -2.104224e-09
-6.940, -2.104133e-09
-6.940, -2.104474e-09
-6.930, -2.102396e-09
-6.930, -2.10209e-09
-6.930, -2.102319e-09
-6.930, -2.102029e-09
-6.930, -2.103437e-09
-6.930, -2.103311e-09
-6.930, -2.102031e-09
-6.930, -2.102054e-09
-6.930, -2.102058e-09
-6.930, -2.100093e-09
-6.920, -2.101633e-09
-6.920, -2.102297e-09
-6.920, -2.101611e-09
-6.920, -2.10193e-09
-6.920, -2.102087e-09
-6.920, -2.101514e-09
-6.920, -2.101803e-09
-6.920, -2.102359e-09
-6.920, -2.101738e-09
-6.920, -2.101974e-09
-6.910, -2.102115e-09
-6.910, -2.101457e-09
-6.910, -2.10166e-09
-6.910, -2.101604e-09
-6.910, -2.101615e-09
-6.910, -2.101041e-09
-6.910, -2.101459e-09
-6.910, -2.101267e-09
-6.910, -2.102007e-09
-6.910, -2.103029e-09
-6.900, -2.10497e-09
-6.900, -2.102612e-09
-6.900, -2.106667e-09
-6.900, -2.10523e-09
-6.900, -2.103319e-09
-6.900, -2.104529e-09
-6.900, -2.103578e-09
-6.900, -2.102675e-09
-6.900, -2.103872e-09
-6.900, -2.104976e-09
-6.890, -2.102361e-09
-6.890, -2.101904e-09
-6.890, -2.102909e-09
-6.890, -2.101998e-09
-6.890, -2.102299e-09
-6.890, -2.103428e-09
-6.890, -2.102596e-09
-6.890, -2.101537e-09
-6.890, -2.103327e-09
-6.890, -2.102638e-09
-6.880, -2.100584e-09
-6.880, -2.099872e-09
-6.880, -2.102349e-09
-6.880, -2.100515e-09
-6.880, -2.098152e-09
-6.880, -2.099631e-09
-6.880, -2.099842e-09
-6.880, -2.097468e-09
-6.880, -2.098872e-09
-6.880, -2.098988e-09
-6.870, -2.100912e-09
-6.870, -2.100317e-09
-6.870, -2.100373e-09
-6.870, -2.100934e-09
-6.870, -2.100635e-09
-6.870, -2.100647e-09
-6.870, -2.100198e-09
-6.870, -2.100289e-09
-6.870, -2.101175e-09
-6.870, -2.101285e-09
-6.860, -2.111392e-09
-6.860, -2.108393e-09
-6.860, -2.108537e-09
-6.860, -2.106856e-09
-6.860, -2.103594e-09
-6.860, -2.10538e-09
-6.860, -2.103264e-09
-6.860, -2.101492e-09
-6.860, -2.101816e-09
-6.860, -2.101277e-09
-6.850, -2.095113e-09
-6.850, -2.094464e-09
-6.850, -2.095901e-09
-6.850, -2.098149e-09
-6.850, -2.096426e-09
-6.850, -2.098459e-09
-6.850, -2.096991e-09
-6.850, -2.094741e-09
-6.850, -2.096434e-09
-6.850, -2.097279e-09
-6.840, -2.095682e-09
-6.840, -2.096975e-09
-6.840, -2.095479e-09
-6.840, -2.094895e-09
-6.840, -2.095897e-09
-6.840, -2.096727e-09
-6.840, -2.09762e-09
-6.840, -2.097557e-09
-6.840, -2.09803e-09
-6.840, -2.100072e-09
-6.830, -2.102409e-09
-6.830, -2.098774e-09
-6.830, -2.095782e-09
-6.830, -2.098122e-09
-6.830, -2.099062e-09
-6.830, -2.095876e-09
-6.830, -2.095782e-09
-6.830, -2.097591e-09
-6.830, -2.097993e-09
-6.830, -2.099738e-09
-6.820, -2.089471e-09
-6.820, -2.089534e-09
-6.820, -2.09166e-09
-6.820, -2.089163e-09
-6.820, -2.086281e-09
-6.820, -2.086942e-09
-6.820, -2.088019e-09
-6.820, -2.08605e-09
-6.820, -2.086463e-09
-6.820, -2.08798e-09
-6.810, -2.091322e-09
-6.810, -2.090772e-09
-6.810, -2.091593e-09
-6.810, -2.092141e-09
-6.810, -2.092412e-09
-6.810, -2.093349e-09
-6.810, -2.093389e-09
-6.810, -2.093624e-09
-6.810, -2.096536e-09
-6.810, -2.095618e-09
-6.800, -2.095516e-09
-6.800, -2.095552e-09
-6.800, -2.096313e-09
-6.800, -2.095389e-09
-6.800, -2.095542e-09
-6.800, -2.095875e-09
-6.800, -2.094841e-09
-6.800, -2.090302e-09
-6.800, -2.092111e-09
-6.800, -2.093703e-09
-6.790, -2.094546e-09
-6.790, -2.095982e-09
-6.790, -2.095045e-09
-6.790, -2.094619e-09
-6.790, -2.094701e-09
-6.790, -2.095724e-09
-6.790, -2.095082e-09
-6.790, -2.094485e-09
-6.790, -2.097619e-09
-6.790, -2.094731e-09
-6.780, -2.093052e-09
-6.780, -2.091535e-09
-6.780, -2.09206e-09
-6.780, -2.094134e-09
-6.780, -2.093364e-09
-6.780, -2.092374e-09
-6.780, -2.093347e-09
-6.780, -2.093594e-09
-6.780, -2.091936e-09
-6.780, -2.093707e-09
-6.770, -2.094945e-09
-6.770, -2.094985e-09
-6.770, -2.095161e-09
-6.770, -2.095768e-09
-6.770, -2.096651e-09
-6.770, -2.095672e-09
-6.770, -2.095788e-09
-6.770, -2.095106e-09
-6.770, -2.095092e-09
-6.770, -2.095577e-09
-6.760, -2.099072e-09
-6.760, -2.096833e-09
-6.760, -2.09656e-09
-6.760, -2.098646e-09
-6.760, -2.097915e-09
-6.760, -2.09738e-09
-6.760, -2.100183e-09
-6.760, -2.100244e-09
-6.760, -2.096808e-09
-6.760, -2.096923e-09
-6.750, -2.099436e-09
-6.750, -2.099949e-09
-6.750, -2.099332e-09
-6.750, -2.098653e-09
-6.750, -2.098194e-09
-6.750, -2.098482e-09
-6.750, -2.102544e-09
-6.750, -2.117949e-09
-6.750, -2.127191e-09
-6.750, -2.129486e-09
-6.740, -2.083625e-09
-6.740, -2.06291e-09
-6.740, -2.057668e-09
-6.740, -2.056309e-09
-6.740, -2.053943e-09
-6.740, -2.04668e-09
-6.740, -2.039986e-09
-6.740, -2.024742e-09
-6.740, -2.092276e-09
-6.740, -2.118282e-09
-6.730, -2.113632e-09
-6.730, -2.113822e-09
-6.730, -2.107213e-09
-6.730, -2.102245e-09
-6.730, -2.113195e-09
-6.730, -2.109813e-09
-6.730, -2.10019e-09
-6.730, -2.104211e-09
-6.730, -2.102759e-09
-6.730, -2.101906e-09
-6.720, -2.092932e-09
-6.720, -2.09411e-09
-6.720, -2.098465e-09
-6.720, -2.098222e-09
-6.720, -2.099482e-09
-6.720, -2.097832e-09
-6.720, -2.097468e-09
-6.720, -2.097915e-09
-6.720, -2.094378e-09
-6.720, -2.093894e-09
-6.710, -2.111932e-09
-6.710, -2.108751e-09
-6.710, -2.101026e-09
-6.710, -2.109643e-09
-6.710, -2.10319e-09
-6.710, -2.089073e-09
-6.710, -2.08775e-09
-6.710, -2.106299e-09
-6.710, -2.091721e-09
-6.710, -2.094389e-09
-6.700, -2.09109e-09
-6.700, -2.106392e-09
-6.700, -2.087909e-09
-6.700, -2.095492e-09
-6.700, -2.089305e-09
-6.700, -2.100196e-09
-6.700, -2.101052e-09
-6.700, -2.107477e-09
-6.700, -2.105894e-09
-6.700, -2.10326e-09
-6.690, -2.092978e-09
-6.690, -2.091846e-09
-6.690, -2.098419e-09
-6.690, -2.102933e-09
-6.690, -2.096207e-09
-6.690, -2.094886e-09
-6.690, -2.101538e-09
-6.690, -2.094119e-09
-6.690, -2.101171e-09
-6.690, -2.098149e-09
-6.680, -2.1018e-09
-6.680, -2.095381e-09
-6.680, -2.106085e-09
-6.680, -2.099175e-09
-6.680, -2.089525e-09
-6.680, -2.102424e-09
-6.680, -2.095593e-09
-6.680, -2.105332e-09
-6.680, -2.104827e-09
-6.680, -2.100061e-09
-6.670, -2.10432e-09
-6.670, -2.086634e-09
-6.670, -2.097404e-09
-6.670, -2.098075e-09
-6.670, -2.086683e-09
-6.670, -2.089013e-09
-6.670, -2.085645e-09
-6.670, -2.088325e-09
-6.670, -2.097846e-09
-6.670, -2.095021e-09
-6.660, -2.08919e-09
-6.660, -2.08733e-09
-6.660, -2.085512e-09
-6.660, -2.084968e-09
-6.660, -2.092376e-09
-6.660, -2.087643e-09
-6.660, -2.090189e-09
-6.660, -2.089053e-09
-6.660, -2.096524e-09
-6.660, -2.088879e-09
-6.650, -2.092736e-09
-6.650, -2.086088e-09
-6.650, -2.095265e-09
-6.650, -2.103541e-09
-6.650, -2.085736e-09
-6.650, -2.095742e-09
-6.650, -2.099209e-09
-6.650, -2.086614e-09
-6.650, -2.084335e-09
-6.650, -2.091576e-09
-6.640, -2.092319e-09
-6.640, -2.111008e-09
-6.640, -2.092189e-09
-6.640, -2.092802e-09
-6.640, -2.096507e-09
-6.640, -2.10585e-09
-6.640, -2.103451e-09
-6.640, -2.097958e-09
-6.640, -2.099941e-09
-6.640, -2.101926e-09
-6.630, -2.058049e-09
-6.630, -2.057712e-09
-6.630, -2.058087e-09
-6.630, -2.057691e-09
-6.630, -2.056792e-09
-6.630, -2.057578e-09
-6.630, -2.055854e-09
-6.630, -2.055445e-09
-6.630, -2.057336e-09
-6.630, -2.057268e-09
-6.620, -2.055293e-09
-6.620, -2.052942e-09
-6.620, -2.059363e-09
-6.620, -2.062308e-09
-6.620, -2.058993e-09
-6.620, -2.060005e-09
-6.620, -2.086141e-09
-6.620, -2.078393e-09
-6.620, -2.068161e-09
-6.620, -2.069315e-09
-6.610, -2.0519e-09
-6.610, -2.053046e-09
-6.610, -2.052182e-09
-6.610, -2.051446e-09
-6.610, -2.055087e-09
-6.610, -2.054357e-09
-6.610, -2.0515e-09
-6.610, -2.061002e-09
-6.610, -2.053775e-09
-6.610, -2.051e-09
-6.600, -2.055372e-09
-6.600, -2.05262e-09
-6.600, -2.052301e-09
-6.600, -2.052564e-09
-6.600, -2.052627e-09
-6.600, -2.069604e-09
-6.600, -2.058032e-09
-6.600, -2.065075e-09
-6.600, -2.064448e-09
-6.600, -2.082172e-09
-6.590, -2.061246e-09
-6.590, -2.061233e-09
-6.590, -2.061046e-09
-6.590, -2.060984e-09
-6.590, -2.060636e-09
-6.590, -2.060882e-09
-6.590, -2.061025e-09
-6.590, -2.070991e-09
-6.590, -2.069776e-09
-6.590, -2.065509e-09
-6.580, -2.059408e-09
-6.580, -2.060438e-09
-6.580, -2.059623e-09
-6.580, -2.061159e-09
-6.580, -2.060454e-09
-6.580, -2.058635e-09
-6.580, -2.059983e-09
-6.580, -2.059375e-09
-6.580, -2.059435e-09
-6.580, -2.059442e-09
-6.570, -2.059942e-09
-6.570, -2.059848e-09
-6.570, -2.060539e-09
-6.570, -2.060043e-09
-6.570, -2.059153e-09
-6.570, -2.059778e-09
-6.570, -2.058747e-09
-6.570, -2.06639e-09
-6.570, -2.058191e-09
-6.570, -2.05792e-09
-6.560, -2.060006e-09
-6.560, -2.066622e-09
-6.560, -2.058794e-09
-6.560, -2.059229e-09
-6.560, -2.059735e-09
-6.560, -2.059865e-09
-6.560, -2.058284e-09
-6.560, -2.059139e-09
-6.560, -2.058735e-09
-6.560, -2.05842e-09
-6.550, -2.061658e-09
-6.550, -2.058801e-09
-6.550, -2.057509e-09
-6.550, -2.061896e-09
-6.550, -2.057865e-09
-6.550, -2.057362e-09
-6.550, -2.057734e-09
-6.550, -2.056322e-09
-6.550, -2.056892e-09
-6.550, -2.056003e-09
-6.540, -2.07577e-09
-6.540, -2.078401e-09
-6.540, -2.074616e-09
-6.540, -2.074964e-09
-6.540, -2.075997e-09
-6.540, -2.072397e-09
-6.540, -2.063206e-09
-6.540, -2.067238e-09
-6.540, -2.066288e-09
-6.540, -2.064967e-09
-6.530, -2.0567e-09
-6.530, -2.058925e-09
-6.530, -2.074415e-09
-6.530, -2.079833e-09
-6.530, -2.07989e-09
-6.530, -2.078755e-09
-6.530, -2.075208e-09
-6.530, -2.067315e-09
-6.530, -2.057725e-09
-6.530, -2.055415e-09
-6.520, -2.049975e-09
-6.520, -2.045312e-09
-6.520, -2.047343e-09
-6.520, -2.047159e-09
-6.520, -2.046285e-09
-6.520, -2.044394e-09
-6.520, -2.047141e-09
-6.520, -2.047819e-09
-6.520, -2.048094e-09
-6.520, -2.04697e-09
-6.510, -2.050675e-09
-6.510, -2.04618e-09
-6.510, -2.04892e-09
-6.510, -2.045439e-09
-6.510, -2.068127e-09
-6.510, -2.063049e-09
-6.510, -2.057954e-09
-6.510, -2.056214e-09
-6.510, -2.052887e-09
-6.510, -2.074692e-09
-6.500, -2.055961e-09
-6.500, -2.055009e-09
-6.500, -2.055651e-09
-6.500, -2.057154e-09
-6.500, -2.055086e-09
-6.500, -2.054823e-09
-6.500, -2.055866e-09
-6.500, -2.072488e-09
-6.500, -2.100174e-09
-6.500, -2.111963e-09
-6.490, -2.0965e-09
-6.490, -2.09718e-09
-6.490, -2.095134e-09
-6.490, -2.093768e-09
-6.490, -2.092434e-09
-6.490, -2.088457e-09
-6.490, -2.083016e-09
-6.490, -2.083607e-09
-6.490, -2.085074e-09
-6.490, -2.084826e-09
-6.480, -2.068823e-09
-6.480, -2.068693e-09
-6.480, -2.069863e-09
-6.480, -2.072136e-09
-6.480, -2.070466e-09
-6.480, -2.07082e-09
-6.480, -2.07191e-09
-6.480, -2.071867e-09
-6.480, -2.071986e-09
-6.480, -2.069706e-09
-6.470, -2.07705e-09
-6.470, -2.078701e-09
-6.470, -2.079076e-09
-6.470, -2.078886e-09
-6.470, -2.079034e-09
-6.470, -2.078304e-09
-6.470, -2.077542e-09
-6.470, -2.078132e-09
-6.470, -2.079333e-09
-6.470, -2.07733e-09
-6.460, -2.062213e-09
-6.460, -2.061513e-09
-6.460, -2.060146e-09
-6.460, -2.059734e-09
-6.460, -2.058957e-09
-6.460, -2.057908e-09
-6.460, -2.057119e-09
-6.460, -2.056418e-09
-6.460, -2.055576e-09
-6.460, -2.054835e-09
-6.450, -2.051787e-09
-6.450, -2.052736e-09
-6.450, -2.052223e-09
-6.450, -2.052218e-09
-6.450, -2.052978e-09
-6.450, -2.054209e-09
-6.450, -2.055572e-09
-6.450, -2.054164e-09
-6.450, -2.054807e-09
-6.450, -2.054637e-09
-6.440, -2.057013e-09
-6.440, -2.055553e-09
-6.440, -2.05407e-09
-6.440, -2.05489e-09
-6.440, -2.053479e-09
-6.440, -2.063577e-09
-6.440, -2.069089e-09
-6.440, -2.063065e-09
-6.440, -2.070971e-09
-6.440, -2.066261e-09
-6.430, -2.052885e-09
-6.430, -2.054638e-09
-6.430, -2.054199e-09
-6.430, -2.053793e-09
-6.430, -2.05856e-09
-6.430, -2.053727e-09
-6.430, -2.052768e-09
-6.430, -2.053703e-09
-6.430, -2.053802e-09
-6.430, -2.064453e-09
-6.420, -2.054897e-09
-6.420, -2.064075e-09
-6.420, -2.06078e-09
-6.420, -2.056028e-09
-6.420, -2.056604e-09
-6.420, -2.054561e-09
-6.420, -2.064713e-09
-6.420, -2.072791e-09
-6.420, -2.062918e-09
-6.420, -2.059272e-09
-6.410, -2.067379e-09
-6.410, -2.058584e-09
-6.410, -2.06786e-09
-6.410, -2.083115e-09
-6.410, -2.073701e-09
-6.410, -2.074194e-09
-6.410, -2.068829e-09
-6.410, -2.070686e-09
-6.410, -2.069405e-09
-6.410, -2.060667e-09
-6.400, -2.057807e-09
-6.400, -2.058572e-09
-6.400, -2.063036e-09
-6.400, -2.056493e-09
-6.400, -2.056723e-09
-6.400, -2.05568e-09
-6.400, -2.05553e-09
-6.400, -2.066036e-09
-6.400, -2.056499e-09
-6.400, -2.054981e-09
-6.390, -2.054055e-09
-6.390, -2.054805e-09
-6.390, -2.069022e-09
-6.390, -2.062557e-09
-6.390, -2.063329e-09
-6.390, -2.061228e-09
-6.390, -2.059474e-09
-6.390, -2.061099e-09
-6.390, -2.058806e-09
-6.390, -2.0598e-09
-6.380, -2.056431e-09
-6.380, -2.058459e-09
-6.380, -2.059488e-09
-6.380, -2.075893e-09
-6.380, -2.082823e-09
-6.380, -2.07968e-09
-6.380, -2.075273e-09
-6.380, -2.075152e-09
-6.380, -2.071953e-09
-6.380, -2.074467e-09
-6.370, -2.077631e-09
-6.370, -2.072345e-09
-6.370, -2.07535e-09
-6.370, -2.073796e-09
-6.370, -2.074746e-09
-6.370, -2.075092e-09
-6.370, -2.072227e-09
-6.370, -2.073347e-09
-6.370, -2.061235e-09
-6.370, -2.058354e-09
-6.360, -2.056248e-09
-6.360, -2.068247e-09
-6.360, -2.056604e-09
-6.360, -2.056818e-09
-6.360, -2.057255e-09
-6.360, -2.057198e-09
-6.360, -2.057726e-09
-6.360, -2.056796e-09
-6.360, -2.058418e-09
-6.360, -2.057495e-09
-6.350, -2.053084e-09
-6.350, -2.053026e-09
-6.350, -2.052217e-09
-6.350, -2.050751e-09
-6.350, -2.050982e-09
-6.350, -2.052214e-09
-6.350, -2.051843e-09
-6.350, -2.051251e-09
-6.350, -2.050376e-09
-6.350, -2.054563e-09
-6.340, -2.072478e-09
-6.340, -2.070335e-09
-6.340, -2.068313e-09
-6.340, -2.06935e-09
-6.340, -2.068764e-09
-6.340, -2.070646e-09
-6.340, -2.070071e-09
-6.340, -2.068439e-09
-6.340, -2.066201e-09
-6.340, -2.062519e-09
-6.330, -2.11204e-09
-6.330, -2.111595e-09
-6.330, -2.11131e-09
-6.330, -2.10957e-09
-6.330, -2.109234e-09
-6.330, -2.110889e-09
-6.330, -2.110059e-09
-6.330, -2.109698e-09
-6.330, -2.109761e-09
-6.330, -2.111897e-09
-6.320, -2.106042e-09
-6.320, -2.104505e-09
-6.320, -2.10465e-09
-6.320, -2.105207e-09
-6.320, -2.105609e-09
-6.320, -2.10473e-09
-6.320, -2.106042e-09
-6.320, -2.105947e-09
-6.320, -2.105254e-09
-6.320, -2.104336e-09
-6.310, -2.105262e-09
-6.310, -2.106853e-09
-6.310, -2.105823e-09
-6.310, -2.104533e-09
-6.310, -2.105114e-09
-6.310, -2.106316e-09
-6.310, -2.105368e-09
-6.310, -2.104769e-09
-6.310, -2.10487e-09
-6.310, -2.105909e-09
-6.300, -2.105687e-09
-6.300, -2.106298e-09
-6.300, -2.103427e-09
-6.300, -2.104009e-09
-6.300, -2.105207e-09
-6.300, -2.105053e-09
-6.300, -2.104746e-09
-6.300, -2.104441e-09
-6.300, -2.104868e-09
-6.300, -2.104545e-09
-6.290, -2.095232e-09
-6.290, -2.10082e-09
-6.290, -2.092427e-09
-6.290, -2.084658e-09
-6.290, -2.084459e-09
-6.290, -2.095802e-09
-6.290, -2.087748e-09
-6.290, -2.091074e-09
-6.290, -2.085276e-09
-6.290, -2.100798e-09
-6.280, -2.075541e-09
-6.280, -2.074901e-09
-6.280, -2.069344e-09
-6.280, -2.072927e-09
-6.280, -2.071259e-09
-6.280, -2.073266e-09
-6.280, -2.072357e-09
-6.280, -2.074961e-09
-6.280, -2.073705e-09
-6.280, -2.075788e-09
-6.270, -2.070601e-09
-6.270, -2.087409e-09
-6.270, -2.071902e-09
-6.270, -2.076985e-09
-6.270, -2.075058e-09
-6.270, -2.072202e-09
-6.270, -2.077875e-09
-6.270, -2.076218e-09
-6.270, -2.061321e-09
-6.270, -2.088e-09
-6.260, -2.134567e-09
-6.260, -2.131654e-09
-6.260, -2.131766e-09
-6.260, -2.133656e-09
-6.260, -2.133356e-09
-6.260, -2.131441e-09
-6.260, -2.134203e-09
-6.260, -2.134325e-09
-6.260, -2.133761e-09
-6.260, -2.132195e-09
-6.250, -2.130223e-09
-6.250, -2.131305e-09
-6.250, -2.132014e-09
-6.250, -2.131503e-09
-6.250, -2.130918e-09
-6.250, -2.131534e-09
-6.250, -2.132467e-09
-6.250, -2.130168e-09
-6.250, -2.131894e-09
-6.250, -2.133379e-09
